ticker,price,target_price,stop_price,prob_win,prob_win_raw,prob_stop,prob_stop_raw,ev_score,ev_score_raw,sd_weight,days_to_clear,size_factor,size_reason,beta,vol_ratio,turnover_oku,action,reason,sector_name,sector_score,sector_shock,sector_advice,sector_summary,macro_flow
6361.T,4300.0,4622.4,4138.8,0.8104,0.8036,0.0921,0.0963,1.529,1.511,1.02,0.67,1.2,通常ロット ＋ セクターセンチメント(+0.30 -> 1.09倍) ＋ 地合い危険度SAFE(1.10倍),1.67,0.71,106.1,🔥 STRONG BUY,"本買い適合(補正勝率81.0%, EV=+1.53R)",防衛・重工,0.3,False,通常,防衛費概算要求や無人機需要が追い風,CTA_SURGE
4722.T,2425.0,2440.3,2417.4,0.8061,0.7893,0.0899,0.101,1.522,1.478,1.11,0.16,0.55,逆張りリバウンド警戒 (前日比-0.0%) ＋ 地合い危険度SAFE(1.10倍),-0.1,0.69,16.8,🔥 STRONG BUY,"本買い適合(補正勝率80.6%, EV=+1.52R)",,0.0,False,通常,,CTA_SURGE
5334.T,7245.0,7768.1,6983.4,0.8018,0.8247,0.094,0.0824,1.51,1.567,0.86,0.58,1.1,通常ロット ＋ 地合い危険度SAFE(1.10倍),0.85,0.69,87.9,🔥 STRONG BUY,"本買い適合(補正勝率80.2%, EV=+1.51R)",,0.0,False,通常,,CTA_SURGE
9983.T,67030.0,70220.0,65435.0,0.7861,0.7878,0.1065,0.1055,1.466,1.47,0.99,0.48,1.1,通常ロット ＋ 地合い危険度SAFE(1.10倍),0.04,0.8,717.7,🔥 STRONG BUY,"本買い適合(補正勝率78.6%, EV=+1.47R)",小売・消費・インバウンド,0.0,False,通常,新規材料なし、中立を維持,CTA_SURGE
6370.T,7468.0,7868.0,7268.0,0.7848,0.7825,0.1092,0.1108,1.46,1.454,0.99,0.28,1.2,通常ロット ＋ セクターセンチメント(+0.30 -> 1.09倍) ＋ 地合い危険度SAFE(1.10倍),0.98,0.81,45.3,🔥 STRONG BUY,"本買い適合(補正勝率78.5%, EV=+1.46R)",防衛・重工,0.3,False,通常,防衛費概算要求や無人機需要が追い風,CTA_SURGE
5332.T,5696.0,5997.3,5545.4,0.7843,0.7945,0.1115,0.1052,1.457,1.484,0.94,0.77,1.1,通常ロット ＋ 地合い危険度SAFE(1.10倍),1.1,0.71,58.8,🔥 STRONG BUY,"本買い適合(補正勝率78.4%, EV=+1.46R)",,0.0,False,通常,,CTA_SURGE
6368.T,11780.0,12682.1,11328.9,0.7796,0.7825,0.1101,0.1084,1.449,1.457,0.96,0.71,1.2,通常ロット ＋ セクターセンチメント(+0.30 -> 1.09倍) ＋ 地合い危険度SAFE(1.10倍),1.46,1.48,38.1,🔥 STRONG BUY,"本買い適合(補正勝率78.0%, EV=+1.45R)",防衛・重工,0.3,False,通常,防衛費概算要求や無人機需要が追い風,CTA_SURGE
2802.T,4888.0,5136.0,4764.0,0.7807,0.7824,0.113,0.1118,1.448,1.453,0.99,0.48,1.1,通常ロット ＋ 地合い危険度SAFE(1.10倍),0.9,0.71,133.7,🔥 STRONG BUY,"本買い適合(補正勝率78.1%, EV=+1.45R)",食料品・ディフェンシブ,0.0,False,通常,値上げ材料は織り込み済みで中立,CTA_SURGE
4626.T,4730.0,4769.7,4710.1,0.7685,0.7867,0.115,0.1046,1.422,1.469,0.9,0.6,1.1,通常ロット ＋ 地合い危険度SAFE(1.10倍),0.27,0.81,13.0,🔥 STRONG BUY,"本買い適合(補正勝率76.8%, EV=+1.42R)",,0.0,False,通常,,CTA_SURGE
6103.T,4445.0,4746.4,4294.3,0.7687,0.7521,0.1154,0.127,1.422,1.377,1.07,0.47,1.2,通常ロット ＋ セクターセンチメント(+0.30 -> 1.09倍) ＋ 地合い危険度SAFE(1.10倍),0.78,0.74,16.5,🔥 STRONG BUY,"本買い適合(補正勝率76.9%, EV=+1.42R)",防衛・重工,0.3,False,通常,防衛費概算要求や無人機需要が追い風,CTA_SURGE
7532.T,719.6,761.2,698.8,0.7645,0.7905,0.1094,0.096,1.42,1.485,0.86,0.6,0.55,逆張りリバウンド警戒 (前日比-1.1%) ＋ 地合い危険度SAFE(1.10倍),-0.26,0.8,116.2,🔥 STRONG BUY,"本買い適合(補正勝率76.4%, EV=+1.42R)",小売・消費・インバウンド,0.0,False,通常,新規材料なし、中立を維持,CTA_SURGE
4536.T,1725.0,1803.2,1685.9,0.7663,0.7471,0.1162,0.1305,1.416,1.364,1.11,0.13,0.55,逆張りリバウンド警戒 (前日比-1.0%) ＋ 地合い危険度SAFE(1.10倍),0.01,1.32,17.8,🔥 STRONG BUY,"本買い適合(補正勝率76.6%, EV=+1.42R)",,0.0,False,通常,,CTA_SURGE
5108.T,3715.0,3862.0,3641.5,0.7673,0.7791,0.1212,0.1136,1.413,1.445,0.95,0.15,0.52,逆張りリバウンド警戒 (前日比-0.7%) ＋ セクターセンチメント(-0.20 -> 0.94倍) ＋ 地合い危険度SAFE(1.10倍),0.09,0.68,149.3,🔥 STRONG BUY,"本買い適合(補正勝率76.7%, EV=+1.41R)",自動車・輸出,-0.2,False,打診30%抑制,米国の対中圧力が米墨供給網へ影響,CTA_SURGE
6383.T,5429.0,5745.6,5270.7,0.7668,0.7735,0.1208,0.1168,1.413,1.43,0.94,0.58,1.2,通常ロット ＋ セクターセンチメント(+0.30 -> 1.09倍) ＋ 地合い危険度SAFE(1.10倍),0.97,1.02,75.2,🔥 STRONG BUY,"本買い適合(補正勝率76.7%, EV=+1.41R)",防衛・重工,0.3,False,通常,防衛費概算要求や無人機需要が追い風,CTA_SURGE
5384.T,3290.0,3547.1,3161.4,0.7654,0.7618,0.119,0.1214,1.412,1.402,1.02,0.57,1.1,通常ロット ＋ 地合い危険度SAFE(1.10倍),1.64,0.64,10.2,🔥 STRONG BUY,"本買い適合(補正勝率76.5%, EV=+1.41R)",,0.0,False,通常,,CTA_SURGE
6503.T,5160.0,5474.0,5003.0,0.7641,0.7785,0.122,0.1137,1.406,1.443,0.9,0.77,1.2,通常ロット ＋ セクターセンチメント(+0.30 -> 1.09倍) ＋ 地合い危険度SAFE(1.10倍),1.12,0.62,258.5,🔥 STRONG BUY,"本買い適合(補正勝率76.4%, EV=+1.41R)",防衛・重工,0.3,False,通常,防衛費概算要求や無人機需要が追い風,CTA_SURGE
9412.T,1992.0,2119.6,1928.2,0.7612079381942749,0.7612,0.12067516893148422,0.1207,1.402,1.402,1.0,2.77,1.1,通常ロット ＋ 地合い危険度SAFE(1.10倍),0.58,0.87,31.8,🔥 STRONG BUY,"本買い適合(補正勝率76.1%, EV=+1.40R)",,0.0,False,通常,,CTA_SURGE
5110.T,1993.5,2105.1,1937.7,0.761,0.79,0.1219,0.1053,1.4,1.475,0.86,0.82,0.52,逆張りリバウンド警戒 (前日比-0.0%) ＋ セクターセンチメント(-0.20 -> 0.94倍) ＋ 地合い危険度SAFE(1.10倍),0.45,0.72,36.3,🔥 STRONG BUY,"本買い適合(補正勝率76.1%, EV=+1.40R)",自動車・輸出,-0.2,False,打診30%抑制,米国の対中圧力が米墨供給網へ影響,CTA_SURGE
7912.T,2998.5,3128.0,2933.8,0.7594,0.7398,0.1216,0.1366,1.397,1.343,1.11,0.14,1.1,通常ロット ＋ 地合い危険度SAFE(1.10倍),0.45,0.86,41.1,🔥 STRONG BUY,"本買い適合(補正勝率75.9%, EV=+1.40R)",,0.0,False,通常,,CTA_SURGE
6141.T,2824.0,2983.9,2744.0,0.7592,0.7816,0.1231,0.1106,1.395,1.453,0.86,1.97,1.2,通常ロット ＋ セクターセンチメント(+0.30 -> 1.09倍) ＋ 地合い危険度SAFE(1.10倍),1.0,0.84,32.3,🔥 STRONG BUY,"本買い適合(補正勝率75.9%, EV=+1.40R)",防衛・重工,0.3,False,通常,防衛費概算要求や無人機需要が追い風,CTA_SURGE
4022.T,1817.0,1998.9,1726.1,0.7545,0.7639,0.1254,0.1195,1.384,1.408,0.95,5.07,1.1,通常ロット ＋ 地合い危険度SAFE(1.10倍),2.08,0.82,10.3,🔥 STRONG BUY,"本買い適合(補正勝率75.4%, EV=+1.38R)",,0.0,False,通常,,CTA_SURGE
4204.T,2506.5,2590.7,2464.4,0.7555288672447205,0.7555,0.12827205657958984,0.1283,1.383,1.383,1.0,1.12,1.1,通常ロット ＋ 地合い危険度SAFE(1.10倍),0.2,0.72,29.2,🔥 STRONG BUY,"本買い適合(補正勝率75.6%, EV=+1.38R)",,0.0,False,通常,,CTA_SURGE
6323.T,3483.0,3807.0,3321.0,0.7543,0.7614,0.1258,0.1216,1.383,1.401,0.94,2.92,1.2,通常ロット ＋ セクターセンチメント(+0.30 -> 1.09倍) ＋ 地合い危険度SAFE(1.10倍),1.98,0.69,41.6,🔥 STRONG BUY,"本買い適合(補正勝率75.4%, EV=+1.38R)",防衛・重工,0.3,False,通常,防衛費概算要求や無人機需要が追い風,CTA_SURGE
4099.T,2156.0,2338.3,2064.9,0.7523,0.7579,0.1257,0.122,1.379,1.394,0.97,0.55,1.1,通常ロット ＋ 地合い危険度SAFE(1.10倍),1.55,2.01,24.5,🔥 STRONG BUY,"本買い適合(補正勝率75.2%, EV=+1.38R)",,0.0,False,通常,,CTA_SURGE
7951.T,1259.5,1311.8,1233.4,0.7518,0.7319,0.1247,0.1402,1.379,1.324,1.11,0.16,1.1,通常ロット ＋ 地合い危険度SAFE(1.10倍),0.22,0.85,24.5,🔥 STRONG BUY,"本買い適合(補正勝率75.2%, EV=+1.38R)",,0.0,False,通常,,CTA_SURGE
3186.T,2890.0,3110.7,2779.6,0.7512,0.7665,0.1258,0.1165,1.377,1.416,0.92,0.98,0.55,逆張りリバウンド警戒 (前日比-2.2%) ＋ 地合い危険度SAFE(1.10倍),0.52,0.92,18.0,👀 WATCH,"本買い適合(補正勝率75.1%, EV=+1.38R) ＋ 地合い危険度SAFEによりK=25超過で降格",小売・消費・インバウンド,0.0,False,通常,新規材料なし、中立を維持,CTA_SURGE
6254.T,3250.0,3497.9,3126.1,0.7483,0.7633,0.1299,0.121,1.367,1.406,0.9,4.48,0.72,需給滞留警戒 (消化4.48日) ＋ セクターセンチメント(+0.30 -> 1.09倍) ＋ 地合い危険度SAFE(1.10倍),1.77,1.0,13.9,👀 WATCH,"本買い適合(補正勝率74.8%, EV=+1.37R) ＋ 地合い危険度SAFEによりK=25超過で降格",防衛・重工,0.3,False,通常,防衛費概算要求や無人機需要が追い風,CTA_SURGE
7012.T,2388.5,2557.9,2303.8,0.7472,0.7544,0.1292,0.1249,1.365,1.384,0.94,1.59,1.2,通常ロット ＋ セクターセンチメント(+0.30 -> 1.09倍) ＋ 地合い危険度SAFE(1.10倍),0.7,0.88,298.1,👀 WATCH,"本買い適合(補正勝率74.7%, EV=+1.36R) ＋ 地合い危険度SAFEによりK=25超過で降格",防衛・重工,0.3,False,通常,防衛費概算要求や無人機需要が追い風,CTA_SURGE
6113.T,2400.5,2566.4,2317.5,0.741,0.7463,0.1337,0.1305,1.348,1.362,0.95,0.08,1.2,通常ロット ＋ セクターセンチメント(+0.30 -> 1.09倍) ＋ 地合い危険度SAFE(1.10倍),1.25,0.82,74.7,👀 WATCH,"本買い適合(補正勝率74.1%, EV=+1.35R) ＋ 地合い危険度SAFEによりK=25超過で降格",防衛・重工,0.3,False,通常,防衛費概算要求や無人機需要が追い風,CTA_SURGE
9202.T,2943.5,3029.6,2900.5,0.7374,0.7317,0.1343,0.1385,1.341,1.325,1.03,0.0,0.55,逆張りリバウンド警戒 (前日比-1.1%) ＋ 地合い危険度SAFE(1.10倍),0.17,1.21,67.5,👀 WATCH,"本買い適合(補正勝率73.7%, EV=+1.34R) ＋ 地合い危険度SAFEによりK=25超過で降格",小売・消費・インバウンド,0.0,False,通常,新規材料なし、中立を維持,CTA_SURGE
5991.T,3280.0,3479.7,3180.1,0.7373,0.7335,0.1364,0.1392,1.338,1.328,1.02,3.06,0.66,需給滞留警戒 (消化3.06日) ＋ 地合い危険度SAFE(1.10倍),1.14,0.66,19.8,👀 WATCH,"本買い適合(補正勝率73.7%, EV=+1.34R) ＋ 地合い危険度SAFEによりK=25超過で降格",,0.0,False,通常,,CTA_SURGE
6481.T,6118.0,6608.1,5872.9,0.7347,0.7588,0.1373,0.1234,1.332,1.394,0.86,0.61,1.2,通常ロット ＋ セクターセンチメント(+0.30 -> 1.09倍) ＋ 地合い危険度SAFE(1.10倍),1.42,1.06,65.0,👀 WATCH,"本買い適合(補正勝率73.5%, EV=+1.33R) ＋ 地合い危険度SAFEによりK=25超過で降格",防衛・重工,0.3,False,通常,防衛費概算要求や無人機需要が追い風,CTA_SURGE
8233.T,2111.5,2230.4,2052.0,0.7347453236579895,0.7347,0.1390869915485382,0.1391,1.33,1.33,1.0,0.59,1.1,通常ロット ＋ 地合い危険度SAFE(1.10倍),0.22,0.88,32.7,👀 WATCH,"本買い適合(補正勝率73.5%, EV=+1.33R) ＋ 地合い危険度SAFEによりK=25超過で降格",小売・消費・インバウンド,0.0,False,通常,新規材料なし、中立を維持,CTA_SURGE
4971.T,6270.0,6800.0,6005.0,0.7326,0.7445,0.1377,0.1299,1.328,1.359,0.94,2.01,1.1,通常ロット ＋ 地合い危険度SAFE(1.10倍),1.83,1.08,17.6,👀 WATCH,"本買い適合(補正勝率73.3%, EV=+1.33R) ＋ 地合い危険度SAFEによりK=25超過で降格",,0.0,False,通常,,CTA_SURGE
6315.T,2140.0,2326.7,2046.6,0.7314,0.7389,0.1389,0.1342,1.324,1.344,0.94,1.96,1.2,通常ロット ＋ セクターセンチメント(+0.30 -> 1.09倍) ＋ 地合い危険度SAFE(1.10倍),1.8,0.91,57.6,👀 WATCH,"本買い適合(補正勝率73.1%, EV=+1.32R) ＋ 地合い危険度SAFEによりK=25超過で降格",防衛・重工,0.3,False,通常,防衛費概算要求や無人機需要が追い風,CTA_SURGE
5706.T,22760.0,25537.1,21371.4,0.7286,0.7574,0.1392,0.1221,1.318,1.393,0.86,0.76,1.1,通常ロット ＋ 地合い危険度SAFE(1.10倍),2.05,0.54,336.1,👀 WATCH,"本買い適合(補正勝率72.9%, EV=+1.32R) ＋ 地合い危険度SAFEによりK=25超過で降格",,0.0,False,通常,,CTA_SURGE
5726.T,2382.0,2586.3,2279.9,0.7261,0.7321,0.1383,0.1343,1.314,1.33,0.97,1.29,0.55,逆張りリバウンド警戒 (前日比-0.9%) ＋ 地合い危険度SAFE(1.10倍),1.2,0.97,22.1,👀 WATCH,"本買い適合(補正勝率72.6%, EV=+1.31R) ＋ 地合い危険度SAFEによりK=25超過で降格",,0.0,False,通常,,CTA_SURGE
7649.T,1245.0,1497.8,1118.6,0.7242,0.7343,0.1358,0.1293,1.313,1.339,0.95,0.24,0.55,逆張りリバウンド警戒 (前日比-3.4%) ＋ 地合い危険度SAFE(1.10倍),-0.36,0.98,30.4,👀 WATCH,"本買い適合(補正勝率72.4%, EV=+1.31R) ＋ 地合い危険度SAFEによりK=25超過で降格",小売・消費・インバウンド,0.0,False,通常,新規材料なし、中立を維持,CTA_SURGE
7309.T,18075.0,18860.7,17682.1,0.728,0.7412,0.1455,0.1364,1.31,1.346,0.95,0.21,1.03,通常ロット ＋ セクターセンチメント(-0.20 -> 0.94倍) ＋ 地合い危険度SAFE(1.10倍),-0.13,0.94,48.0,👀 WATCH,"本買い適合(補正勝率72.8%, EV=+1.31R) ＋ 地合い危険度SAFEによりK=25超過で降格",自動車・輸出,-0.2,False,打診30%抑制,米国の対中圧力が米墨供給網へ影響,CTA_SURGE
4403.T,2582.5,2683.6,2532.0,0.7258,0.7199,0.1437,0.1481,1.308,1.292,1.03,0.36,0.55,逆張りリバウンド警戒 (前日比-0.1%) ＋ 地合い危険度SAFE(1.10倍),0.14,0.67,21.0,👀 WATCH,"本買い適合(補正勝率72.6%, EV=+1.31R) ＋ 地合い危険度SAFEによりK=25超過で降格",,0.0,False,通常,,CTA_SURGE
1911.T,1238.5,1288.6,1213.4,0.7242,0.7533,0.1448,0.127,1.304,1.38,0.86,0.74,1.1,通常ロット ＋ 地合い危険度SAFE(1.10倍),0.08,0.54,63.6,👀 WATCH,"本買い適合(補正勝率72.4%, EV=+1.30R) ＋ 地合い危険度SAFEによりK=25超過で降格",,0.0,False,通常,,CTA_SURGE
6367.T,20510.0,21240.7,20144.6,0.7196,0.7108,0.1444,0.1509,1.295,1.271,1.02,0.65,1.2,通常ロット ＋ セクターセンチメント(+0.30 -> 1.09倍) ＋ 地合い危険度SAFE(1.10倍),0.19,0.65,186.1,👀 WATCH,"本買い適合(補正勝率72.0%, EV=+1.29R) ＋ 地合い危険度SAFEによりK=25超過で降格",防衛・重工,0.3,False,通常,防衛費概算要求や無人機需要が追い風,CTA_SURGE
6273.T,67850.0,72064.3,65742.9,0.7189,0.708,0.1456,0.1538,1.292,1.262,1.03,0.27,1.2,通常ロット ＋ セクターセンチメント(+0.30 -> 1.09倍) ＋ 地合い危険度SAFE(1.10倍),1.22,0.89,161.4,👀 WATCH,"本買い適合(補正勝率71.9%, EV=+1.29R) ＋ 地合い危険度SAFEによりK=25超過で降格",防衛・重工,0.3,False,通常,防衛費概算要求や無人機需要が追い風,CTA_SURGE
6465.T,5301.0,5495.9,5203.6,0.7201,0.732,0.1477,0.1401,1.292,1.324,0.92,0.62,1.2,通常ロット ＋ セクターセンチメント(+0.30 -> 1.09倍) ＋ 地合い危険度SAFE(1.10倍),0.02,0.74,19.7,👀 WATCH,"本買い適合(補正勝率72.0%, EV=+1.29R) ＋ 地合い危険度SAFEによりK=25超過で降格",防衛・重工,0.3,False,通常,防衛費概算要求や無人機需要が追い風,CTA_SURGE
5101.T,6719.0,7139.9,6508.6,0.7182,0.7507,0.1481,0.1279,1.288,1.374,0.86,0.71,1.03,通常ロット ＋ セクターセンチメント(-0.20 -> 0.94倍) ＋ 地合い危険度SAFE(1.10倍),0.7,1.1,54.4,👀 WATCH,"本買い適合(補正勝率71.8%, EV=+1.29R) ＋ 地合い危険度SAFEによりK=25超過で降格",自動車・輸出,-0.2,False,打診30%抑制,米国の対中圧力が米墨供給網へ影響,CTA_SURGE
3436.T,2976.5,3373.5,2778.0,0.7141,0.7245,0.1474,0.1404,1.281,1.309,0.95,0.41,1.1,通常ロット ＋ 地合い危険度SAFE(1.10倍),2.41,0.83,308.2,👀 WATCH,"本買い適合(補正勝率71.4%, EV=+1.28R) ＋ 地合い危険度SAFEによりK=25超過で降格",,0.0,False,通常,,CTA_SURGE
7220.T,2721.0,3021.6,2570.7,0.7145,0.7473,0.1498,0.1293,1.279,1.365,0.86,1.27,1.03,通常ロット ＋ セクターセンチメント(-0.20 -> 0.94倍) ＋ 地合い危険度SAFE(1.10倍),1.53,0.59,18.9,👀 WATCH,"本買い適合(補正勝率71.5%, EV=+1.28R) ＋ 地合い危険度SAFEによりK=25超過で降格",自動車・輸出,-0.2,False,打診30%抑制,米国の対中圧力が米墨供給網へ影響,CTA_SURGE
4368.T,2930.0,3123.6,2833.2,0.7136,0.7261,0.1493,0.1409,1.278,1.311,0.94,1.56,1.1,通常ロット ＋ 地合い危険度SAFE(1.10倍),1.6,0.69,23.3,👀 WATCH,"本買い適合(補正勝率71.4%, EV=+1.28R) ＋ 地合い危険度SAFEによりK=25超過で降格",,0.0,False,通常,,CTA_SURGE
6101.T,4935.0,5391.4,4706.8,0.7129,0.7206,0.1484,0.1434,1.277,1.298,0.94,1.42,1.2,通常ロット ＋ セクターセンチメント(+0.30 -> 1.09倍) ＋ 地合い危険度SAFE(1.10倍),1.47,0.82,16.4,👀 WATCH,"本買い適合(補正勝率71.3%, EV=+1.28R) ＋ 地合い危険度SAFEによりK=25超過で降格",防衛・重工,0.3,False,通常,防衛費概算要求や無人機需要が追い風,CTA_SURGE
3288.T,7635.0,7940.0,7482.5,0.7116672396659851,0.7117,0.14899644255638123,0.149,1.274,1.274,1.0,1.0,1.1,通常ロット ＋ 地合い危険度SAFE(1.10倍),-0.02,0.8,18.8,👀 WATCH,"本買い適合(補正勝率71.2%, EV=+1.27R) ＋ 地合い危険度SAFEによりK=25超過で降格",,0.0,False,通常,,CTA_SURGE
6471.T,1071.0,1130.9,1041.0,0.7117,0.7371,0.1542,0.1386,1.269,1.336,0.86,0.56,1.2,通常ロット ＋ セクターセンチメント(+0.30 -> 1.09倍) ＋ 地合い危険度SAFE(1.10倍),0.87,0.88,28.7,👀 WATCH,"本買い適合(補正勝率71.2%, EV=+1.27R) ＋ 地合い危険度SAFEによりK=25超過で降格",防衛・重工,0.3,False,通常,防衛費概算要求や無人機需要が追い風,CTA_SURGE
6407.T,5060.0,5571.4,4804.3,0.708,0.6969,0.1491,0.1575,1.267,1.236,1.03,0.37,1.2,通常ロット ＋ セクターセンチメント(+0.30 -> 1.09倍) ＋ 地合い危険度SAFE(1.10倍),1.91,0.84,23.7,👀 WATCH,"本買い適合(補正勝率70.8%, EV=+1.27R) ＋ 地合い危険度SAFEによりK=25超過で降格",防衛・重工,0.3,False,通常,防衛費概算要求や無人機需要が追い風,CTA_SURGE
4182.T,3819.0,4080.1,3688.4,0.7084,0.6942,0.1521,0.1635,1.265,1.225,1.07,0.5,1.1,通常ロット ＋ 地合い危険度SAFE(1.10倍),1.34,0.74,58.1,👀 WATCH,"本買い適合(補正勝率70.8%, EV=+1.26R) ＋ 地合い危険度SAFEによりK=25超過で降格",,0.0,False,通常,,CTA_SURGE
7936.T,4013.0,4302.0,3868.5,0.707,0.7373,0.15,0.1316,1.264,1.343,0.86,0.76,0.55,逆張りリバウンド警戒 (前日比-2.5%) ＋ 地合い危険度SAFE(1.10倍),0.34,0.84,208.1,👀 WATCH,"本買い適合(補正勝率70.7%, EV=+1.26R) ＋ 地合い危険度SAFEによりK=25超過で降格",,0.0,False,通常,,CTA_SURGE
7011.T,3737.0,3996.4,3607.3,0.7021,0.71,0.1549,0.1498,1.249,1.27,0.94,1.33,1.2,通常ロット ＋ セクターセンチメント(+0.30 -> 1.09倍) ＋ 地合い危険度SAFE(1.10倍),0.4,0.81,659.1,👀 WATCH,"本買い適合(補正勝率70.2%, EV=+1.25R) ＋ 地合い危険度SAFEによりK=25超過で降格",防衛・重工,0.3,False,通常,防衛費概算要求や無人機需要が追い風,CTA_SURGE
4612.T,1130.5,1186.4,1102.5,0.7014,0.6952,0.1549,0.1597,1.248,1.231,1.03,0.09,1.1,通常ロット ＋ 地合い危険度SAFE(1.10倍),0.24,0.86,29.6,👀 WATCH,"本買い適合(補正勝率70.1%, EV=+1.25R) ＋ 地合い危険度SAFEによりK=25超過で降格",,0.0,False,通常,,CTA_SURGE
2503.T,2841.0,2945.5,2788.8,0.7033,0.7139,0.1601,0.1525,1.247,1.275,0.95,0.19,1.1,通常ロット ＋ 地合い危険度SAFE(1.10倍),-0.2,0.86,77.0,👀 WATCH,"本買い適合(補正勝率70.3%, EV=+1.25R) ＋ 地合い危険度SAFEによりK=25超過で降格",食料品・ディフェンシブ,0.0,False,通常,値上げ材料は織り込み済みで中立,CTA_SURGE
4091.T,5500.0,5766.0,5367.0,0.7002,0.694,0.1539,0.1587,1.247,1.229,1.03,0.24,1.1,通常ロット ＋ 地合い危険度SAFE(1.10倍),0.28,1.33,38.8,👀 WATCH,"本買い適合(補正勝率70.0%, EV=+1.25R) ＋ 地合い危険度SAFEによりK=25超過で降格",,0.0,False,通常,,CTA_SURGE
5333.T,5188.0,5569.6,4997.2,0.7005,0.7112,0.1589,0.1513,1.242,1.271,0.95,0.33,1.1,通常ロット ＋ 地合い危険度SAFE(1.10倍),1.45,0.77,74.7,👀 WATCH,"本買い適合(補正勝率70.0%, EV=+1.24R) ＋ 地合い危険度SAFEによりK=25超過で降格",,0.0,False,通常,,CTA_SURGE
4385.T,3621.0,3963.3,3449.9,0.698,0.7153,0.1536,0.1422,1.242,1.288,0.92,0.56,0.55,逆張りリバウンド警戒 (前日比-6.4%) ＋ 地合い危険度SAFE(1.10倍),0.12,2.01,75.1,👀 WATCH,"打診買い適合(補正勝率69.8%, 消化0.56日) ＋ 地合い危険度SAFEによりK=25超過で降格",,0.0,False,通常,,CTA_SURGE
4578.T,10905.0,11459.3,10627.9,0.6921,0.703,0.1617,0.154,1.223,1.252,0.95,0.06,0.55,逆張りリバウンド警戒 (前日比-4.6%) ＋ 地合い危険度SAFE(1.10倍),-0.09,1.33,161.3,👀 WATCH,"打診買い適合(補正勝率69.2%, 消化0.06日) ＋ 地合い危険度SAFEによりK=25超過で降格",,0.0,False,通常,,CTA_SURGE
4042.T,2613.5,2713.9,2563.3,0.6923,0.7143,0.1693,0.154,1.215,1.275,0.9,1.4,1.1,通常ロット ＋ 地合い危険度SAFE(1.10倍),0.55,0.98,21.3,👀 WATCH,"打診買い適合(補正勝率69.2%, 消化1.4日) ＋ 地合い危険度SAFEによりK=25超過で降格",,0.0,False,通常,,CTA_SURGE
4912.T,1721.0,1792.7,1685.1,0.6872,0.6982,0.1684,0.1604,1.206,1.236,0.95,0.07,0.55,逆張りリバウンド警戒 (前日比-1.9%) ＋ 地合い危険度SAFE(1.10倍),-0.17,1.19,17.4,👀 WATCH,"打診買い適合(補正勝率68.7%, 消化0.07日) ＋ 地合い危険度SAFEによりK=25超過で降格",,0.0,False,通常,,CTA_SURGE
3407.T,1593.0,1668.4,1555.3,0.6852,0.6787,0.169,0.1742,1.201,1.183,1.03,0.34,1.1,通常ロット ＋ 地合い危険度SAFE(1.10倍),0.32,1.0,66.3,👀 WATCH,"打診買い適合(補正勝率68.5%, 消化0.34日) ＋ 地合い危険度SAFEによりK=25超過で降格",,0.0,False,通常,,CTA_SURGE
7564.T,5480.0,5804.3,5317.9,0.683,0.7053,0.168,0.1527,1.198,1.258,0.9,1.67,0.55,逆張りリバウンド警戒 (前日比-1.6%) ＋ 地合い危険度SAFE(1.10倍),0.11,1.34,22.6,👀 WATCH,"打診買い適合(補正勝率68.3%, 消化1.67日) ＋ 地合い危険度SAFEによりK=25超過で降格",小売・消費・インバウンド,0.0,False,通常,新規材料なし、中立を維持,CTA_SURGE
1332.T,1186.5,1233.8,1162.9,0.6795,0.6906,0.1744,0.1661,1.185,1.215,0.95,0.34,0.55,逆張りリバウンド警戒 (前日比-0.3%) ＋ 地合い危険度SAFE(1.10倍),-0.19,0.87,17.9,👀 WATCH,"打診買い適合(補正勝率68.0%, 消化0.34日) ＋ 地合い危険度SAFEによりK=25超過で降格",食料品・ディフェンシブ,0.0,False,通常,値上げ材料は織り込み済みで中立,CTA_SURGE
1414.T,1273.5,1306.4,1257.0,0.6779348254203796,0.6779,0.17092612385749817,0.1709,1.185,1.185,1.0,0.83,1.1,通常ロット ＋ 地合い危険度SAFE(1.10倍),-0.04,0.91,12.2,👀 WATCH,"打診買い適合(補正勝率67.8%, 消化0.83日) ＋ 地合い危険度SAFEによりK=25超過で降格",,0.0,False,通常,,CTA_SURGE
2875.T,9895.0,10283.3,9700.9,0.6788,0.6898,0.1731,0.1648,1.184,1.215,0.95,0.08,0.55,逆張りリバウンド警戒 (前日比-1.4%) ＋ 地合い危険度SAFE(1.10倍),-0.3,1.14,43.5,👀 WATCH,"打診買い適合(補正勝率67.9%, 消化0.08日) ＋ 地合い危険度SAFEによりK=25超過で降格",食料品・ディフェンシブ,0.0,False,通常,値上げ材料は織り込み済みで中立,CTA_SURGE
2502.T,1610.0,1659.6,1585.2,0.6792,0.7017,0.1754,0.1595,1.183,1.244,0.9,0.59,0.55,逆張りリバウンド警戒 (前日比-0.7%) ＋ 地合い危険度SAFE(1.10倍),-0.32,0.92,85.4,👀 WATCH,"打診買い適合(補正勝率67.9%, 消化0.59日) ＋ 地合い危険度SAFEによりK=25超過で降格",食料品・ディフェンシブ,0.0,False,通常,値上げ材料は織り込み済みで中立,CTA_SURGE
2501.T,1866.0,1942.2,1827.9,0.6756,0.6691,0.1695,0.1747,1.182,1.163,1.03,0.28,1.1,通常ロット ＋ 地合い危険度SAFE(1.10倍),-0.17,0.91,19.6,👀 WATCH,"打診買い適合(補正勝率67.6%, 消化0.28日) ＋ 地合い危険度SAFEによりK=25超過で降格",食料品・ディフェンシブ,0.0,False,通常,値上げ材料は織り込み済みで中立,CTA_SURGE
1959.T,7984.0,8338.6,7806.7,0.6772,0.686,0.1781,0.1712,1.176,1.201,0.96,0.63,1.1,通常ロット ＋ 地合い危険度SAFE(1.10倍),0.52,0.92,12.7,👀 WATCH,"打診買い適合(補正勝率67.7%, 消化0.63日) ＋ 地合い危険度SAFEによりK=25超過で降格",,0.0,False,通常,,CTA_SURGE
8830.T,3193.0,3353.1,3112.9,0.6747574806213379,0.6748,0.17426590621471405,0.1743,1.175,1.175,1.0,0.6,1.1,通常ロット ＋ 地合い危険度SAFE(1.10倍),0.31,0.92,84.2,👀 WATCH,"打診買い適合(補正勝率67.5%, 消化0.6日) ＋ 地合い危険度SAFEによりK=25超過で降格",,0.0,False,通常,,CTA_SURGE
4755.T,714.7,751.7,696.2,0.6738,0.706,0.1757,0.1541,1.172,1.258,0.86,2.12,0.55,逆張りリバウンド警戒 (前日比-2.6%) ＋ 地合い危険度SAFE(1.10倍),0.13,1.04,91.4,👀 WATCH,"打診買い適合(補正勝率67.4%, 消化2.12日) ＋ 地合い危険度SAFEによりK=25超過で降格",,0.0,False,通常,,CTA_SURGE
5214.T,4805.0,5061.9,4676.6,0.673531711101532,0.6735,0.17822521924972534,0.1782,1.169,1.169,1.0,0.54,1.1,通常ロット ＋ 地合い危険度SAFE(1.10倍),0.99,0.98,27.0,👀 WATCH,"打診買い適合(補正勝率67.4%, 消化0.54日) ＋ 地合い危険度SAFEによりK=25超過で降格",,0.0,False,通常,,CTA_SURGE
8802.T,3606.0,3778.0,3520.0,0.6692,0.6626,0.1795,0.185,1.159,1.14,1.03,0.32,1.1,通常ロット ＋ 地合い危険度SAFE(1.10倍),0.22,1.16,111.1,👀 WATCH,"打診買い適合(補正勝率66.9%, 消化0.32日) ＋ 地合い危険度SAFEによりK=25超過で降格",,0.0,False,通常,,CTA_SURGE
2914.T,6773.0,6981.7,6668.6,0.6685,0.701,0.1823,0.1599,1.155,1.242,0.86,0.79,1.1,通常ロット ＋ 地合い危険度SAFE(1.10倍),-0.16,1.01,204.0,👀 WATCH,"打診買い適合(補正勝率66.8%, 消化0.79日) ＋ 地合い危険度SAFEによりK=25超過で降格",食料品・ディフェンシブ,0.0,False,通常,値上げ材料は織り込み済みで中立,CTA_SURGE
4202.T,1423.0,1482.1,1393.4,0.6674,0.6904,0.1847,0.1679,1.15,1.213,0.9,1.07,1.1,通常ロット ＋ 地合い危険度SAFE(1.10倍),0.48,1.12,10.8,👀 WATCH,"打診買い適合(補正勝率66.7%, 消化1.07日) ＋ 地合い危険度SAFEによりK=25超過で降格",,0.0,False,通常,,CTA_SURGE
8697.T,2211.0,2311.1,2160.9,0.6632,0.6354,0.1787,0.2036,1.148,1.067,1.07,0.11,1.33,通常ロット ＋ セクターセンチメント(+0.70 -> 1.21倍) ＋ 地合い危険度SAFE(1.10倍),0.69,0.91,61.4,👀 WATCH,"打診買い適合(補正勝率66.3%, 消化0.11日) ＋ 地合い危険度SAFEによりK=25超過で降格",銀行・金融,0.7,False,通常,日銀引き締め加速観測で利ざや改善期待,CTA_SURGE
4519.T,6446.0,6688.7,6324.6,0.6648,0.6976,0.1825,0.1601,1.147,1.235,0.86,0.73,0.55,逆張りリバウンド警戒 (前日比-0.8%) ＋ 地合い危険度SAFE(1.10倍),-0.03,0.92,155.0,👀 WATCH,"打診買い適合(補正勝率66.5%, 消化0.73日) ＋ 地合い危険度SAFEによりK=25超過で降格",,0.0,False,通常,,CTA_SURGE
2809.T,4567.0,4736.6,4482.2,0.6611,0.6374,0.1772,0.1991,1.145,1.076,1.11,0.15,1.1,通常ロット ＋ 地合い危険度SAFE(1.10倍),-0.26,0.97,15.3,👀 WATCH,"打診買い適合(補正勝率66.1%, 消化0.15日) ＋ 地合い危険度SAFEによりK=25超過で降格",食料品・ディフェンシブ,0.0,False,通常,値上げ材料は織り込み済みで中立,CTA_SURGE
8227.T,3188.0,3299.3,3132.4,0.6627,0.674,0.1802,0.1716,1.145,1.176,0.95,0.31,0.55,逆張りリバウンド警戒 (前日比-0.9%) ＋ 地合い危険度SAFE(1.10倍),-0.24,1.0,18.3,👀 WATCH,"打診買い適合(補正勝率66.3%, 消化0.31日) ＋ 地合い危険度SAFEによりK=25超過で降格",小売・消費・インバウンド,0.0,False,通常,新規材料なし、中立を維持,CTA_SURGE
4061.T,3351.0,3562.4,3245.3,0.6616,0.6571,0.1806,0.1843,1.143,1.13,1.02,0.63,1.1,通常ロット ＋ 地合い危険度SAFE(1.10倍),1.1,0.87,21.2,👀 WATCH,"打診買い適合(補正勝率66.2%, 消化0.63日) ＋ 地合い危険度SAFEによりK=25超過で降格",,0.0,False,通常,,CTA_SURGE
4680.T,1157.5,1267.6,1102.5,0.6587,0.6412,0.1745,0.1897,1.143,1.093,1.08,0.79,0.55,逆張りリバウンド警戒 (前日比-2.1%) ＋ 地合い危険度SAFE(1.10倍),0.34,1.28,25.2,👀 WATCH,"打診買い適合(補正勝率65.9%, 消化0.79日) ＋ 地合い危険度SAFEによりK=25超過で降格",,0.0,False,通常,,CTA_SURGE
7173.T,1693.0,1782.3,1648.4,0.6604,0.6436,0.179,0.1935,1.142,1.094,1.02,1.16,0.66,逆張りリバウンド警戒 (前日比-0.4%) ＋ セクターセンチメント(+0.70 -> 1.21倍) ＋ 地合い危険度SAFE(1.10倍),0.45,0.89,19.3,👀 WATCH,"打診買い適合(補正勝率66.0%, 消化1.16日) ＋ 地合い危険度SAFEによりK=25超過で降格",銀行・金融,0.7,False,通常,日銀引き締め加速観測で利ざや改善期待,CTA_SURGE
6387.T,7840.0,8798.6,7360.7,0.657,0.6752,0.1795,0.1672,1.135,1.183,0.9,0.56,1.2,通常ロット ＋ セクターセンチメント(+0.30 -> 1.09倍) ＋ 地合い危険度SAFE(1.10倍),2.12,0.95,16.3,👀 WATCH,"打診買い適合(補正勝率65.7%, 消化0.56日) ＋ 地合い危険度SAFEによりK=25超過で降格",防衛・重工,0.3,False,通常,防衛費概算要求や無人機需要が追い風,CTA_SURGE
4966.T,19690.0,21191.4,18939.3,0.656,0.6493,0.1808,0.1864,1.131,1.112,1.03,0.35,1.1,通常ロット ＋ 地合い危険度SAFE(1.10倍),1.25,0.98,10.7,👀 WATCH,"打診買い適合(補正勝率65.6%, 消化0.35日) ＋ 地合い危険度SAFEによりK=25超過で降格",,0.0,False,通常,,CTA_SURGE
3941.T,1544.0,1612.0,1510.0,0.6556,0.6601,0.1882,0.1845,1.123,1.136,0.98,1.02,1.1,通常ロット ＋ 地合い危険度SAFE(1.10倍),0.22,1.06,12.4,👀 WATCH,"打診買い適合(補正勝率65.6%, 消化1.02日) ＋ 地合い危険度SAFEによりK=25超過で降格",,0.0,False,通常,,CTA_SURGE
1925.T,4557.0,4702.7,4484.1,0.6519,0.6542,0.1941,0.1922,1.11,1.116,0.99,0.31,0.55,逆張りリバウンド警戒 (前日比-0.7%) ＋ 地合い危険度SAFE(1.10倍),-0.07,0.9,68.5,👀 WATCH,"打診買い適合(補正勝率65.2%, 消化0.31日) ＋ 地合い危険度SAFEによりK=25超過で降格",,0.0,False,通常,,CTA_SURGE
5393.T,3369.0,3556.3,3275.4,0.6443,0.62,0.1865,0.2095,1.102,1.031,1.11,0.22,1.1,通常ロット ＋ 地合い危険度SAFE(1.10倍),0.92,1.07,16.3,👀 WATCH,"打診買い適合(補正勝率64.4%, 消化0.22日) ＋ 地合い危険度SAFEによりK=25超過で降格",,0.0,False,通常,,CTA_SURGE
4208.T,3479.0,3615.3,3410.9,0.6457,0.6598,0.1965,0.1854,1.095,1.134,0.94,1.34,1.1,通常ロット ＋ 地合い危険度SAFE(1.10倍),0.41,1.17,22.6,👀 WATCH,"打診買い適合(補正勝率64.6%, 消化1.34日) ＋ 地合い危険度SAFEによりK=25超過で降格",,0.0,False,通常,,CTA_SURGE
9201.T,3004.0,3103.6,2954.2,0.6412,0.6344,0.19,0.1959,1.092,1.073,1.03,0.0,0.55,逆張りリバウンド警戒 (前日比-0.2%) ＋ 地合い危険度SAFE(1.10倍),0.23,0.95,58.3,👀 WATCH,"打診買い適合(補正勝率64.1%, 消化0.0日) ＋ 地合い危険度SAFEによりK=25超過で降格",小売・消費・インバウンド,0.0,False,通常,新規材料なし、中立を維持,CTA_SURGE
4631.T,4787.0,5117.9,4621.6,0.6408,0.6549,0.1992,0.1879,1.082,1.122,0.94,0.92,1.1,通常ロット ＋ 地合い危険度SAFE(1.10倍),0.76,1.07,28.7,👀 WATCH,"打診買い適合(補正勝率64.1%, 消化0.92日) ＋ 地合い危険度SAFEによりK=25超過で降格",,0.0,False,通常,,CTA_SURGE
5463.T,1735.0,1803.4,1700.8,0.6298,0.6229,0.2041,0.2104,1.056,1.035,1.03,0.26,1.1,通常ロット ＋ 地合い危険度SAFE(1.10倍),0.21,0.88,10.2,👀 WATCH,"打診買い適合(補正勝率63.0%, 消化0.26日) ＋ 地合い危険度SAFEによりK=25超過で降格",,0.0,False,通常,,CTA_SURGE
3086.T,2671.0,2837.4,2587.8,0.6282,0.6401,0.2047,0.195,1.052,1.085,0.95,0.2,1.1,通常ロット ＋ 地合い危険度SAFE(1.10倍),0.26,1.0,30.6,👀 WATCH,"打診買い適合(補正勝率62.8%, 消化0.2日) ＋ 地合い危険度SAFEによりK=25超過で降格",小売・消費・インバウンド,0.0,False,通常,新規材料なし、中立を維持,CTA_SURGE
3861.T,872.6,896.4,860.7,0.6235198378562927,0.6235,0.2075112760066986,0.2075,1.04,1.04,1.0,0.95,1.1,通常ロット ＋ 地合い危険度SAFE(1.10倍),-0.02,1.01,22.1,👀 WATCH,"打診買い適合(補正勝率62.4%, 消化0.95日) ＋ 地合い危険度SAFEによりK=25超過で降格",,0.0,False,通常,,CTA_SURGE
6269.T,9232.0,9904.1,8895.9,0.6167,0.6257,0.2082,0.2012,1.025,1.05,0.94,2.71,1.2,通常ロット ＋ セクターセンチメント(+0.30 -> 1.09倍) ＋ 地合い危険度SAFE(1.10倍),0.36,0.93,51.8,👀 WATCH,"打診買い適合(補正勝率61.7%, 消化2.71日) ＋ 地合い危険度SAFEによりK=25超過で降格",防衛・重工,0.3,False,通常,防衛費概算要求や無人機需要が追い風,CTA_SURGE
7202.T,2195.5,2303.4,2141.5,0.6154,0.6312,0.2156,0.2021,1.015,1.06,0.95,0.4,1.03,通常ロット ＋ セクターセンチメント(-0.20 -> 0.94倍) ＋ 地合い危険度SAFE(1.10倍),0.36,0.85,44.6,👀 WATCH,"打診買い適合(補正勝率61.5%, 消化0.4日) ＋ 地合い危険度SAFEによりK=25超過で降格",自動車・輸出,-0.2,False,打診30%抑制,米国の対中圧力が米墨供給網へ影響,CTA_SURGE
9048.T,1908.5,1952.9,1886.3,0.6113,0.6024,0.2082,0.2164,1.014,0.988,1.03,0.44,1.13,通常ロット ＋ セクターセンチメント(+0.10 -> 1.03倍) ＋ 地合い危険度SAFE(1.10倍),-0.22,1.5,15.8,👀 WATCH,"打診買い適合(補正勝率61.1%, 消化0.44日) ＋ 地合い危険度SAFEによりK=25超過で降格",海運・物流,0.1,False,通常,運賃高騰材料は織り込みが進む,CTA_SURGE
6268.T,4551.0,4909.4,4371.8,0.6132,0.6222,0.2143,0.2072,1.012,1.037,0.94,1.24,1.2,通常ロット ＋ セクターセンチメント(+0.30 -> 1.09倍) ＋ 地合い危険度SAFE(1.10倍),1.48,1.19,38.0,👀 WATCH,"打診買い適合(補正勝率61.3%, 消化1.24日) ＋ 地合い危険度SAFEによりK=25超過で降格",防衛・重工,0.3,False,通常,防衛費概算要求や無人機需要が追い風,CTA_SURGE
9962.T,3599.0,3852.4,3472.3,0.6086,0.5958,0.2103,0.2222,1.007,0.97,1.03,0.05,1.2,通常ロット ＋ セクターセンチメント(+0.30 -> 1.09倍) ＋ 地合い危険度SAFE(1.10倍),0.78,1.08,51.7,👀 WATCH,"打診買い適合(補正勝率60.9%, 消化0.05日) ＋ 地合い危険度SAFEによりK=25超過で降格",総合商社・資源,0.3,False,通常,原油高やインフレ警戒で資金流入持続,CTA_SURGE
3405.T,1814.5,1896.1,1773.7,0.6096,0.6218,0.216,0.2057,1.003,1.038,0.95,0.31,1.1,通常ロット ＋ 地合い危険度SAFE(1.10倍),0.21,1.03,21.0,👀 WATCH,"打診買い適合(補正勝率61.0%, 消化0.31日) ＋ 地合い危険度SAFEによりK=25超過で降格",,0.0,False,通常,,CTA_SURGE
2371.T,3820.0,3900.3,3779.9,0.606,0.5897,0.2204,0.237,0.992,0.942,1.07,0.34,0.55,逆張りリバウンド警戒 (前日比-0.5%) ＋ 地合い危険度SAFE(1.10倍),-0.03,0.87,10.4,👀 WATCH,"打診買い適合(補正勝率60.6%, 消化0.34日) ＋ 地合い危険度SAFEによりK=25超過で降格",,0.0,False,通常,,CTA_SURGE
4205.T,2388.0,2527.1,2318.4,0.6043,0.5996,0.2205,0.225,0.988,0.974,1.02,0.52,1.1,通常ロット ＋ 地合い危険度SAFE(1.10倍),0.56,0.96,18.9,👀 WATCH,"打診買い適合(補正勝率60.4%, 消化0.52日) ＋ 地合い危険度SAFEによりK=25超過で降格",,0.0,False,通常,,CTA_SURGE
4887.T,1626.0,1677.1,1600.5,0.6004289388656616,0.6004,0.21730740368366241,0.2173,0.984,0.984,1.0,0.62,1.1,通常ロット ＋ 地合い危険度SAFE(1.10倍),0.03,0.94,11.0,👀 WATCH,"打診買い適合(補正勝率60.0%, 消化0.62日) ＋ 地合い危険度SAFEによりK=25超過で降格",,0.0,False,通常,,CTA_SURGE
3003.T,1738.0,1797.7,1708.1,0.6016,0.6266,0.23,0.2091,0.973,1.044,0.9,0.53,1.1,通常ロット ＋ 地合い危険度SAFE(1.10倍),-0.09,1.32,27.8,👀 WATCH,"打診買い適合(補正勝率60.2%, 消化0.53日) ＋ 地合い危険度SAFEによりK=25超過で降格",,0.0,False,通常,,CTA_SURGE
9627.T,5606.0,5915.7,5451.1,0.5921,0.6044,0.2252,0.2144,0.959,0.994,0.95,0.15,0.55,逆張りリバウンド警戒 (前日比-2.2%) ＋ 地合い危険度SAFE(1.10倍),-0.25,1.04,11.4,👀 WATCH,"打診買い適合(補正勝率59.2%, 消化0.15日) ＋ 地合い危険度SAFEによりK=25超過で降格",小売・消費・インバウンド,0.0,False,通常,新規材料なし、中立を維持,CTA_SURGE
6432.T,7260.0,7704.3,7037.9,0.5902,0.5994,0.2298,0.2221,0.951,0.977,0.94,2.85,1.2,通常ロット ＋ セクターセンチメント(+0.30 -> 1.09倍) ＋ 地合い危険度SAFE(1.10倍),0.46,1.03,13.4,👀 WATCH,"打診買い適合(補正勝率59.0%, 消化2.85日) ＋ 地合い危険度SAFEによりK=25超過で降格",防衛・重工,0.3,False,通常,防衛費概算要求や無人機需要が追い風,CTA_SURGE
8593.T,1388.5,1426.1,1369.7,0.6973,0.6814,0.1584,0.1712,1.236,1.192,1.02,0.91,1.33,通常ロット ＋ セクターセンチメント(+0.70 -> 1.21倍) ＋ 地合い危険度SAFE(1.10倍),0.0,0.73,43.9,👀 WATCH,監視対象(勝率69.7%),銀行・金融,0.7,False,通常,日銀引き締め加速観測で利ざや改善期待,CTA_SURGE
7278.T,5900.0,6085.7,5807.1,0.6989,0.7194,0.1637,0.1492,1.234,1.29,0.92,0.79,1.03,通常ロット ＋ セクターセンチメント(-0.20 -> 0.94倍) ＋ 地合い危険度SAFE(1.10倍),0.2,0.71,15.3,👀 WATCH,監視対象(勝率69.9%),自動車・輸出,-0.2,False,打診30%抑制,米国の対中圧力が米墨供給網へ影響,CTA_SURGE
9143.T,1502.5,1553.0,1477.2,0.6978,0.7134,0.1638,0.1529,1.232,1.274,0.92,0.68,1.13,通常ロット ＋ セクターセンチメント(+0.10 -> 1.03倍) ＋ 地合い危険度SAFE(1.10倍),-0.2,0.78,16.7,👀 WATCH,監視対象(勝率69.8%),海運・物流,0.1,False,通常,運賃高騰材料は織り込みが進む,CTA_SURGE
6278.T,12990.0,14361.4,12304.3,0.6937,0.72,0.1587,0.1426,1.229,1.297,0.86,0.88,1.2,通常ロット ＋ セクターセンチメント(+0.30 -> 1.09倍) ＋ 地合い危険度SAFE(1.10倍),1.77,0.8,24.0,👀 WATCH,監視対象(勝率69.4%),防衛・重工,0.3,False,通常,防衛費概算要求や無人機需要が追い風,CTA_SURGE
9364.T,4937.0,5049.9,4880.6,0.6936,0.6856,0.1608,0.1671,1.226,1.204,1.03,0.22,1.13,通常ロット ＋ セクターセンチメント(+0.10 -> 1.03倍) ＋ 地合い危険度SAFE(1.10倍),-0.06,0.84,14.1,👀 WATCH,監視対象(勝率69.4%),海運・物流,0.1,False,通常,運賃高騰材料は織り込みが進む,CTA_SURGE
4047.T,2180.0,2371.3,2084.4,0.6915,0.7045,0.1624,0.1532,1.221,1.256,0.94,2.03,1.1,通常ロット ＋ 地合い危険度SAFE(1.10倍),1.46,0.74,11.8,👀 WATCH,監視対象(勝率69.2%),,0.0,False,通常,,CTA_SURGE
6134.T,6903.0,7464.3,6622.4,0.6911,0.6991,0.1614,0.156,1.221,1.242,0.94,0.8,1.2,通常ロット ＋ セクターセンチメント(+0.30 -> 1.09倍) ＋ 地合い危険度SAFE(1.10倍),1.51,0.67,50.7,👀 WATCH,監視対象(勝率69.1%),防衛・重工,0.3,False,通常,防衛費概算要求や無人機需要が追い風,CTA_SURGE
4732.T,1910.0,1965.9,1882.0,0.692,0.7028,0.1638,0.156,1.22,1.25,0.95,0.08,1.1,通常ロット ＋ 地合い危険度SAFE(1.10倍),-0.14,0.84,24.1,👀 WATCH,監視対象(勝率69.2%),,0.0,False,通常,,CTA_SURGE
4516.T,3430.0,3525.0,3382.5,0.6915,0.709,0.1681,0.1557,1.215,1.262,0.92,0.7,1.1,通常ロット ＋ 地合い危険度SAFE(1.10倍),0.09,0.74,11.0,👀 WATCH,監視対象(勝率69.2%),,0.0,False,通常,,CTA_SURGE
5938.T,1740.0,1778.0,1721.0,0.6896,0.7071,0.1674,0.155,1.212,1.259,0.92,0.99,1.1,通常ロット ＋ 地合い危険度SAFE(1.10倍),0.05,0.82,30.9,👀 WATCH,監視対象(勝率69.0%),,0.0,False,通常,,CTA_SURGE
9616.T,3159.0,3306.7,3085.1,0.6879,0.6858,0.1649,0.1665,1.211,1.205,1.01,0.7,1.1,通常ロット ＋ 地合い危険度SAFE(1.10倍),0.13,0.67,26.3,👀 WATCH,監視対象(勝率68.8%),,0.0,False,通常,,CTA_SURGE
4540.T,3802.0,3890.4,3757.8,0.6875168085098267,0.6875,0.1651286631822586,0.1651,1.21,1.21,1.0,0.68,1.1,通常ロット ＋ 地合い危険度SAFE(1.10倍),-0.15,0.66,18.8,👀 WATCH,監視対象(勝率68.8%),,0.0,False,通常,,CTA_SURGE
5929.T,3435.0,3566.9,3369.1,0.6887,0.6996,0.1671,0.1591,1.21,1.24,0.95,0.17,0.55,逆張りリバウンド警戒 (前日比-0.3%) ＋ 地合い危険度SAFE(1.10倍),0.12,0.71,20.7,👀 WATCH,監視対象(勝率68.9%),,0.0,False,通常,,CTA_SURGE
4613.T,2868.0,2952.2,2825.9,0.6853,0.6789,0.1631,0.1681,1.208,1.19,1.03,0.13,1.1,通常ロット ＋ 地合い危険度SAFE(1.10倍),0.17,0.64,26.2,👀 WATCH,監視対象(勝率68.5%),,0.0,False,通常,,CTA_SURGE
7453.T,3951.0,4200.6,3826.2,0.6866,0.6976,0.166,0.1581,1.207,1.237,0.95,0.35,0.55,逆張りリバウンド警戒 (前日比-1.3%) ＋ 地合い危険度SAFE(1.10倍),-0.05,0.74,112.3,👀 WATCH,監視対象(勝率68.7%),小売・消費・インバウンド,0.0,False,通常,新規材料なし、中立を維持,CTA_SURGE
1951.T,2588.0,2670.5,2546.8,0.6857,0.6793,0.1691,0.1743,1.202,1.184,1.03,0.29,1.1,通常ロット ＋ 地合い危険度SAFE(1.10倍),0.15,0.81,10.3,👀 WATCH,監視対象(勝率68.6%),,0.0,False,通常,,CTA_SURGE
1928.T,3346.0,3446.6,3295.7,0.6847,0.6869,0.1683,0.1666,1.201,1.207,0.99,0.34,1.1,通常ロット ＋ 地合い危険度SAFE(1.10倍),-0.02,0.67,91.1,👀 WATCH,監視対象(勝率68.5%),,0.0,False,通常,,CTA_SURGE
5741.T,2233.0,2368.6,2165.2,0.6849,0.6981,0.1691,0.1595,1.201,1.237,0.94,0.7,1.1,通常ロット ＋ 地合い危険度SAFE(1.10倍),0.95,0.67,16.4,👀 WATCH,監視対象(勝率68.5%),,0.0,False,通常,,CTA_SURGE
7956.T,1956.0,2047.9,1910.1,0.6863,0.6972,0.1729,0.1647,1.2,1.23,0.95,0.3,1.1,通常ロット ＋ 地合い危険度SAFE(1.10倍),-0.13,0.85,19.1,👀 WATCH,監視対象(勝率68.6%),,0.0,False,通常,,CTA_SURGE
8252.T,2889.0,2966.6,2850.2,0.683,0.694,0.1706,0.1625,1.195,1.225,0.95,0.37,1.1,通常ロット ＋ 地合い危険度SAFE(1.10倍),-0.08,0.69,27.5,👀 WATCH,監視対象(勝率68.3%),小売・消費・インバウンド,0.0,False,通常,新規材料なし、中立を維持,CTA_SURGE
4369.T,2949.0,3205.7,2820.6,0.6795,0.6839,0.1717,0.1684,1.187,1.199,0.98,2.6,1.1,通常ロット ＋ 地合い危険度SAFE(1.10倍),1.6,0.77,14.4,👀 WATCH,監視対象(勝率68.0%),,0.0,False,通常,,CTA_SURGE
5802.T,2046.5,2226.8,1956.4,0.6785,0.7011,0.1715,0.1559,1.185,1.246,0.9,0.73,1.1,通常ロット ＋ 地合い危険度SAFE(1.10倍),1.61,0.82,352.4,👀 WATCH,監視対象(勝率67.8%),,0.0,False,通常,,CTA_SURGE
8804.T,3281.0,3402.0,3220.5,0.6775,0.671,0.1714,0.1767,1.184,1.165,1.03,0.18,0.55,逆張りリバウンド警戒 (前日比-0.1%) ＋ 地合い危険度SAFE(1.10倍),0.19,0.77,22.9,👀 WATCH,監視対象(勝率67.8%),,0.0,False,通常,,CTA_SURGE
3498.T,7130.0,7560.0,6915.0,0.6776,0.6887,0.1725,0.1643,1.183,1.213,0.95,6.64,1.1,通常ロット ＋ 地合い危険度SAFE(1.10倍),0.48,0.55,11.8,👀 WATCH,監視対象(勝率67.8%),,0.0,False,通常,,CTA_SURGE
9065.T,8156.0,8455.9,8006.1,0.6768,0.6862,0.1723,0.1654,1.181,1.207,0.95,0.19,1.13,通常ロット ＋ セクターセンチメント(+0.10 -> 1.03倍) ＋ 地合い危険度SAFE(1.10倍),0.06,0.6,27.1,👀 WATCH,監視対象(勝率67.7%),海運・物流,0.1,False,通常,運賃高騰材料は織り込みが進む,CTA_SURGE
7988.T,4934.0,5159.3,4821.4,0.6779,0.6801,0.1772,0.1755,1.179,1.185,0.99,0.37,1.1,通常ロット ＋ 地合い危険度SAFE(1.10倍),0.35,0.81,11.4,👀 WATCH,監視対象(勝率67.8%),,0.0,False,通常,,CTA_SURGE
4151.T,2218.5,2374.4,2140.5,0.6694,0.6806,0.1792,0.1706,1.16,1.191,0.95,0.29,0.55,逆張りリバウンド警戒 (前日比-1.0%) ＋ 地合い危険度SAFE(1.10倍),-0.03,0.78,36.7,👀 WATCH,監視対象(勝率66.9%),,0.0,False,通常,,CTA_SURGE
3289.T,1283.0,1327.9,1260.5,0.6677,0.679,0.1818,0.1731,1.154,1.185,0.95,0.33,1.1,通常ロット ＋ 地合い危険度SAFE(1.10倍),0.1,0.85,27.1,👀 WATCH,監視対象(勝率66.8%),,0.0,False,通常,,CTA_SURGE
4452.T,3436.0,3556.3,3375.9,0.6619,0.6733,0.1854,0.1766,1.138,1.17,0.95,0.15,0.55,逆張りリバウンド警戒 (前日比-0.2%) ＋ 地合い危険度SAFE(1.10倍),-0.22,0.71,81.8,👀 WATCH,監視対象(勝率66.2%),,0.0,False,通常,,CTA_SURGE
2267.T,2831.5,2924.5,2785.0,0.6545,0.6305,0.1767,0.1985,1.132,1.063,1.11,0.4,0.55,逆張りリバウンド警戒 (前日比-0.8%) ＋ 地合い危険度SAFE(1.10倍),-0.15,0.82,27.6,👀 WATCH,監視対象(勝率65.5%),食料品・ディフェンシブ,0.0,False,通常,値上げ材料は織り込み済みで中立,CTA_SURGE
1407.T,2215.0,2460.1,2092.4,0.6535,0.6674,0.1837,0.1733,1.123,1.161,0.94,1.58,1.1,通常ロット ＋ 地合い危険度SAFE(1.10倍),0.15,0.82,10.9,👀 WATCH,監視対象(勝率65.3%),,0.0,False,通常,,CTA_SURGE
1719.T,1885.0,1946.1,1854.4,0.6502702236175537,0.6503,0.1951671540737152,0.1952,1.105,1.105,1.0,0.68,1.1,通常ロット ＋ 地合い危険度SAFE(1.10倍),0.18,0.76,12.9,👀 WATCH,監視対象(勝率65.0%),,0.0,False,通常,,CTA_SURGE
3291.T,2262.5,2335.5,2226.0,0.647,0.6493,0.1971,0.1952,1.097,1.103,0.99,0.41,1.1,通常ロット ＋ 地合い危険度SAFE(1.10倍),0.06,0.81,10.1,👀 WATCH,監視対象(勝率64.7%),,0.0,False,通常,,CTA_SURGE
9001.T,2977.0,3062.9,2934.1,0.6418,0.6156,0.1887,0.2137,1.095,1.017,1.11,0.5,1.13,通常ロット ＋ セクターセンチメント(+0.10 -> 1.03倍) ＋ 地合い危険度SAFE(1.10倍),-0.13,0.79,15.5,👀 WATCH,監視対象(勝率64.2%),海運・物流,0.1,False,通常,運賃高騰材料は織り込みが進む,CTA_SURGE
3231.T,910.5,934.6,898.5,0.6448,0.6785,0.1969,0.1727,1.093,1.184,0.86,0.82,1.1,通常ロット ＋ 地合い危険度SAFE(1.10倍),-0.03,0.82,33.6,👀 WATCH,監視対象(勝率64.5%),,0.0,False,通常,,CTA_SURGE
9005.T,1668.0,1712.4,1645.8,0.6381,0.6118,0.1839,0.2083,1.092,1.015,1.11,0.39,0.57,逆張りリバウンド警戒 (前日比-0.3%) ＋ セクターセンチメント(+0.10 -> 1.03倍) ＋ 地合い危険度SAFE(1.10倍),-0.16,0.79,36.9,👀 WATCH,監視対象(勝率63.8%),海運・物流,0.1,False,通常,運賃高騰材料は織り込みが進む,CTA_SURGE
9435.T,38080.0,39415.7,37412.1,0.6444,0.6681,0.2012,0.1829,1.088,1.153,0.9,7.01,0.66,需給滞留警戒 (消化7.01日) ＋ 地合い危険度SAFE(1.10倍),-0.02,0.64,20.9,👀 WATCH,監視対象(勝率64.4%),,0.0,False,通常,,CTA_SURGE
8113.T,955.0,989.7,937.7,0.6307,0.6238,0.2,0.2062,1.061,1.041,1.03,0.48,0.55,逆張りリバウンド警戒 (前日比-0.6%) ＋ 地合い危険度SAFE(1.10倍),-0.21,0.7,42.0,👀 WATCH,監視対象(勝率63.1%),,0.0,False,通常,,CTA_SURGE
9041.T,3554.0,3648.0,3507.0,0.6269,0.6068,0.1945,0.2132,1.059,1.0,1.08,1.4,1.13,通常ロット ＋ セクターセンチメント(+0.10 -> 1.03倍) ＋ 地合い危険度SAFE(1.10倍),-0.14,0.83,20.9,👀 WATCH,監視対象(勝率62.7%),海運・物流,0.1,False,通常,運賃高騰材料は織り込みが進む,CTA_SURGE
2587.T,4527.0,4664.4,4458.3,0.6299,0.6418,0.2026,0.193,1.057,1.091,0.95,0.15,1.1,通常ロット ＋ 地合い危険度SAFE(1.10倍),-0.24,0.83,37.2,👀 WATCH,監視対象(勝率63.0%),食料品・ディフェンシブ,0.0,False,通常,値上げ材料は織り込み済みで中立,CTA_SURGE
5803.T,4839.0,5399.3,4558.9,0.6174,0.6221,0.2041,0.2001,1.031,1.044,0.98,0.69,1.1,通常ロット ＋ 地合い危険度SAFE(1.10倍),1.85,0.79,1641.8,👀 WATCH,監視対象(勝率61.7%),,0.0,False,通常,,CTA_SURGE
2801.T,1650.5,1731.0,1610.2,0.6168,0.6288,0.2083,0.1983,1.025,1.059,0.95,0.18,0.55,逆張りリバウンド警戒 (前日比-1.6%) ＋ 地合い危険度SAFE(1.10倍),-0.27,0.77,61.3,👀 WATCH,監視対象(勝率61.7%),食料品・ディフェンシブ,0.0,False,通常,値上げ材料は織り込み済みで中立,CTA_SURGE
8253.T,4643.0,4835.3,4546.9,0.6147,0.614,0.2063,0.2081,1.023,1.02,0.95,0.29,1.33,通常ロット ＋ セクターセンチメント(+0.70 -> 1.21倍) ＋ 地合い危険度SAFE(1.10倍),0.21,0.6,29.6,👀 WATCH,監視対象(勝率61.5%),銀行・金融,0.7,False,通常,日銀引き締め加速観測で利ざや改善期待,CTA_SURGE
1861.T,1310.0,1352.9,1288.6,0.6078,0.6031,0.2146,0.219,1.001,0.987,1.02,1.2,1.1,通常ロット ＋ 地合い危険度SAFE(1.10倍),0.21,0.8,10.6,👀 WATCH,監視対象(勝率60.8%),,0.0,False,通常,,CTA_SURGE
9735.T,6395.0,6594.4,6295.3,0.6054,0.5983,0.2146,0.2212,0.996,0.975,1.03,0.04,1.1,通常ロット ＋ 地合い危険度SAFE(1.10倍),-0.16,0.67,84.5,👀 WATCH,監視対象(勝率60.5%),,0.0,False,通常,,CTA_SURGE
2222.T,2528.5,2675.4,2455.1,0.6031,0.6153,0.2145,0.2043,0.992,1.026,0.95,0.16,1.1,通常ロット ＋ 地合い危険度SAFE(1.10倍),-0.02,0.64,15.1,👀 WATCH,監視対象(勝率60.3%),食料品・ディフェンシブ,0.0,False,通常,値上げ材料は織り込み済みで中立,CTA_SURGE
5233.T,4178.0,4385.4,4074.3,0.6067,0.6214,0.2249,0.2122,0.989,1.031,0.94,1.07,1.1,通常ロット ＋ 地合い危険度SAFE(1.10倍),0.47,0.66,18.5,👀 WATCH,監視対象(勝率60.7%),,0.0,False,通常,,CTA_SURGE
8088.T,2115.0,2225.9,2059.6,0.5977,0.5969,0.2203,0.2213,0.975,0.973,0.98,2.62,1.2,通常ロット ＋ セクターセンチメント(+0.30 -> 1.09倍) ＋ 地合い危険度SAFE(1.10倍),0.16,0.79,12.8,👀 WATCH,監視対象(勝率59.8%),総合商社・資源,0.3,False,通常,原油高やインフレ警戒で資金流入持続,CTA_SURGE
6135.T,14980.0,15891.4,14524.3,0.5985,0.588,0.2233,0.2334,0.974,0.943,1.02,0.7,1.2,通常ロット ＋ セクターセンチメント(+0.30 -> 1.09倍) ＋ 地合い危険度SAFE(1.10倍),0.62,0.79,18.8,👀 WATCH,監視対象(勝率59.9%),防衛・重工,0.3,False,通常,防衛費概算要求や無人機需要が追い風,CTA_SURGE
9706.T,5456.0,5687.6,5340.2,0.5998,0.6121,0.2318,0.2208,0.968,1.003,0.95,0.14,0.55,逆張りリバウンド警戒 (前日比-0.3%) ＋ 地合い危険度SAFE(1.10倍),0.02,0.78,44.6,👀 WATCH,監視対象(勝率60.0%),,0.0,False,通常,,CTA_SURGE
9989.T,3695.0,3794.7,3645.1,0.5926,0.6049,0.2272,0.2164,0.958,0.993,0.95,0.44,0.55,逆張りリバウンド警戒 (前日比-0.6%) ＋ 地合い危険度SAFE(1.10倍),-0.22,0.7,14.8,👀 WATCH,監視対象(勝率59.3%),小売・消費・インバウンド,0.0,False,通常,新規材料なし、中立を維持,CTA_SURGE
3445.T,5680.0,6307.9,5366.1,0.5896,0.6044,0.2236,0.2109,0.956,0.998,0.94,2.4,1.1,通常ロット ＋ 地合い危険度SAFE(1.10倍),1.44,1.26,10.7,👀 WATCH,監視対象(勝率59.0%),,0.0,False,通常,,CTA_SURGE
6902.T,1913.0,1981.1,1878.9,0.5941,0.6127,0.2323,0.2157,0.956,1.01,0.94,0.52,1.03,通常ロット ＋ セクターセンチメント(-0.20 -> 0.94倍) ＋ 地合い危険度SAFE(1.10倍),0.03,0.83,118.4,👀 WATCH,監視対象(勝率59.4%),自動車・輸出,-0.2,False,打診30%抑制,米国の対中圧力が米墨供給網へ影響,CTA_SURGE
6586.T,5300.0,5514.6,5192.7,0.5888,0.5758,0.2263,0.239,0.951,0.913,1.03,0.37,1.2,通常ロット ＋ セクターセンチメント(+0.30 -> 1.09倍) ＋ 地合い危険度SAFE(1.10倍),0.36,0.87,34.6,👀 WATCH,監視対象(勝率58.9%),防衛・重工,0.3,False,通常,防衛費概算要求や無人機需要が追い風,CTA_SURGE
1808.T,2726.5,2839.0,2670.2,0.5916,0.6039,0.2356,0.2244,0.948,0.983,0.95,0.24,1.1,通常ロット ＋ 地合い危険度SAFE(1.10倍),-0.03,0.69,24.8,👀 WATCH,監視対象(勝率59.2%),,0.0,False,通常,,CTA_SURGE
3402.T,1267.5,1329.3,1236.6,0.5871,0.5895,0.2284,0.2261,0.946,0.953,0.99,0.47,1.1,通常ロット ＋ 地合い危険度SAFE(1.10倍),0.52,1.12,44.2,👀 WATCH,監視対象(勝率58.7%),,0.0,False,通常,,CTA_SURGE
8591.T,6170.0,6471.7,6019.1,0.587,0.6101,0.2289,0.2127,0.945,1.008,0.86,0.61,1.33,通常ロット ＋ セクターセンチメント(+0.70 -> 1.21倍) ＋ 地合い危険度SAFE(1.10倍),0.48,0.97,173.2,👀 WATCH,監視対象(勝率58.7%),銀行・金融,0.7,False,通常,日銀引き締め加速観測で利ざや改善期待,CTA_SURGE
2670.T,2666.5,2776.6,2611.5,0.579,0.5914,0.2345,0.2234,0.923,0.959,0.95,0.24,1.1,通常ロット ＋ 地合い危険度SAFE(1.10倍),-0.21,0.72,11.9,👀 WATCH,監視対象(勝率57.9%),小売・消費・インバウンド,0.0,False,通常,新規材料なし、中立を維持,CTA_SURGE
4461.T,12370.0,14001.4,11554.3,0.5768,0.6131,0.2363,0.2073,0.917,1.019,0.86,4.15,0.66,需給滞留警戒 (消化4.15日) ＋ 地合い危険度SAFE(1.10倍),2.14,0.59,17.6,👀 WATCH,監視対象(勝率57.7%),,0.0,False,通常,,CTA_SURGE
4980.T,2965.5,3173.7,2861.4,0.5738,0.5888,0.2366,0.2232,0.911,0.954,0.94,1.38,1.1,通常ロット ＋ 地合い危険度SAFE(1.10倍),1.18,0.9,40.5,👀 WATCH,監視対象(勝率57.4%),,0.0,False,通常,,CTA_SURGE
6472.T,380.5,403.5,369.0,0.5746,0.5787,0.2382,0.2347,0.911,0.923,0.96,0.72,1.2,通常ロット ＋ セクターセンチメント(+0.30 -> 1.09倍) ＋ 地合い危険度SAFE(1.10倍),0.77,0.86,10.6,👀 WATCH,監視対象(勝率57.5%),防衛・重工,0.3,False,通常,防衛費概算要求や無人機需要が追い風,CTA_SURGE
9022.T,3796.0,3957.7,3715.1,0.5751,0.5659,0.2391,0.2485,0.911,0.883,1.03,0.41,0.57,逆張りリバウンド警戒 (前日比-1.2%) ＋ セクターセンチメント(+0.10 -> 1.03倍) ＋ 地合い危険度SAFE(1.10倍),-0.27,0.8,69.3,👀 WATCH,監視対象(勝率57.5%),海運・物流,0.1,False,通常,運賃高騰材料は織り込みが進む,CTA_SURGE
2127.T,647.3,675.0,633.4,0.5738,0.6103,0.2459,0.2157,0.902,1.005,0.86,0.78,1.1,通常ロット ＋ 地合い危険度SAFE(1.10倍),-0.03,0.51,28.0,👀 WATCH,監視対象(勝率57.4%),,0.0,False,通常,,CTA_SURGE
8630.T,6851.0,7132.1,6710.4,0.5673,0.5665,0.2368,0.239,0.898,0.894,0.95,0.24,1.33,通常ロット ＋ セクターセンチメント(+0.70 -> 1.21倍) ＋ 地合い危険度SAFE(1.10倍),0.0,0.96,148.4,👀 WATCH,監視対象(勝率56.7%),銀行・金融,0.7,False,通常,日銀引き締め加速観測で利ざや改善期待,CTA_SURGE
3116.T,2228.0,2323.6,2180.2,0.5703,0.5767,0.2481,0.2418,0.893,0.912,0.99,0.48,1.03,通常ロット ＋ セクターセンチメント(-0.20 -> 0.94倍) ＋ 地合い危険度SAFE(1.10倍),0.19,0.62,11.6,👀 WATCH,監視対象(勝率57.0%),自動車・輸出,-0.2,False,打診30%抑制,米国の対中圧力が米墨供給網へ影響,CTA_SURGE
5444.T,12330.0,12926.4,12031.8,0.5658,0.5585,0.24,0.2474,0.892,0.87,1.03,0.25,1.1,通常ロット ＋ 地合い危険度SAFE(1.10倍),0.24,0.86,21.1,👀 WATCH,監視対象(勝率56.6%),,0.0,False,通常,,CTA_SURGE
6366.T,698.0,746.3,673.9,0.569,0.5841,0.2509,0.2367,0.887,0.931,0.94,6.04,0.66,需給滞留警戒 (消化6.04日) ＋ 地合い危険度SAFE(1.10倍),0.93,0.72,11.2,👀 WATCH,監視対象(勝率56.9%),,0.0,False,通常,,CTA_SURGE
5844.T,4840.0,5078.9,4720.6,0.5636,0.5527,0.2418,0.2535,0.885,0.852,0.99,0.36,1.33,通常ロット ＋ セクターセンチメント(+0.70 -> 1.21倍) ＋ 地合い危険度SAFE(1.10倍),0.45,0.88,46.6,👀 WATCH,監視対象(勝率56.4%),銀行・金融,0.7,False,通常,日銀引き締め加速観測で利ざや改善期待,CTA_SURGE
3110.T,2899.0,3251.3,2722.9,0.5643,0.59,0.2459,0.2235,0.883,0.956,0.9,1.29,1.1,通常ロット ＋ 地合い危険度SAFE(1.10倍),1.63,0.83,136.2,👀 WATCH,監視対象(勝率56.4%),,0.0,False,通常,,CTA_SURGE
3563.T,4846.0,5341.1,4598.4,0.5594,0.572,0.2371,0.2258,0.882,0.918,0.95,0.33,0.55,逆張りリバウンド警戒 (前日比-2.0%) ＋ 地合い危険度SAFE(1.10倍),-0.03,1.24,151.8,👀 WATCH,監視対象(勝率55.9%),小売・消費・インバウンド,0.0,False,通常,新規材料なし、中立を維持,CTA_SURGE
9042.T,4616.0,4768.4,4539.8,0.5652,0.5559,0.2482,0.2579,0.882,0.854,1.03,0.18,0.57,逆張りリバウンド警戒 (前日比-1.1%) ＋ セクターセンチメント(+0.10 -> 1.03倍) ＋ 地合い危険度SAFE(1.10倍),-0.37,0.99,28.0,👀 WATCH,監視対象(勝率56.5%),海運・物流,0.1,False,通常,運賃高騰材料は織り込みが進む,CTA_SURGE
7269.T,2026.5,2146.7,1966.4,0.5623,0.5688,0.2434,0.2372,0.881,0.9,0.99,0.5,0.52,逆張りリバウンド警戒 (前日比-0.0%) ＋ セクターセンチメント(-0.20 -> 0.94倍) ＋ 地合い危険度SAFE(1.10倍),0.35,1.03,118.3,👀 WATCH,監視対象(勝率56.2%),自動車・輸出,-0.2,False,打診30%抑制,米国の対中圧力が米墨供給網へ影響,CTA_SURGE
7911.T,4661.0,4997.7,4492.6,0.563,0.5756,0.2502,0.2382,0.876,0.913,0.95,0.29,1.1,通常ロット ＋ 地合い危険度SAFE(1.10倍),0.96,0.76,68.7,👀 WATCH,監視対象(勝率56.3%),,0.0,False,通常,,CTA_SURGE
6988.T,3335.0,3540.9,3232.1,0.5603,0.5729,0.2473,0.2355,0.873,0.91,0.95,0.18,1.1,通常ロット ＋ 地合い危険度SAFE(1.10倍),0.28,1.07,88.5,👀 WATCH,監視対象(勝率56.0%),,0.0,False,通常,,CTA_SURGE
4676.T,4096.0,4253.0,4017.5,0.5608,0.5812,0.2536,0.2348,0.868,0.928,0.92,0.56,0.55,逆張りリバウンド警戒 (前日比-0.3%) ＋ 地合い危険度SAFE(1.10倍),0.15,0.92,17.0,👀 WATCH,監視対象(勝率56.1%),,0.0,False,通常,,CTA_SURGE
8331.T,2729.5,2883.1,2652.7,0.5587,0.5579,0.2497,0.2519,0.868,0.864,0.95,0.2,1.33,通常ロット ＋ セクターセンチメント(+0.70 -> 1.21倍) ＋ 地合い危険度SAFE(1.10倍),0.43,0.5,95.1,👀 WATCH,監視対象(勝率55.9%),銀行・金融,0.7,False,通常,日銀引き締め加速観測で利ざや改善期待,CTA_SURGE
9401.T,5858.0,6085.6,5744.2,0.5597,0.5622,0.2512,0.2487,0.868,0.876,0.99,0.2,1.1,通常ロット ＋ 地合い危険度SAFE(1.10倍),0.18,1.07,16.7,👀 WATCH,監視対象(勝率56.0%),,0.0,False,通常,,CTA_SURGE
9744.T,3429.0,3524.0,3381.5,0.5594379901885986,0.5594,0.2509443163871765,0.2509,0.868,0.868,1.0,0.61,1.1,通常ロット ＋ 地合い危険度SAFE(1.10倍),-0.07,0.9,15.4,👀 WATCH,監視対象(勝率55.9%),,0.0,False,通常,,CTA_SURGE
9147.T,5497.0,5758.0,5366.5,0.5569,0.5476,0.249,0.2587,0.865,0.836,1.03,0.07,1.13,通常ロット ＋ セクターセンチメント(+0.10 -> 1.03倍) ＋ 地合い危険度SAFE(1.10倍),0.26,0.86,51.8,👀 WATCH,監視対象(勝率55.7%),海運・物流,0.1,False,通常,運賃高騰材料は織り込みが進む,CTA_SURGE
7201.T,313.8,332.8,304.3,0.5577,0.5984,0.2555,0.2206,0.86,0.976,0.86,2.33,1.03,通常ロット ＋ セクターセンチメント(-0.20 -> 0.94倍) ＋ 地合い危険度SAFE(1.10倍),0.27,0.93,73.9,👀 WATCH,監視対象(勝率55.8%),自動車・輸出,-0.2,False,打診30%抑制,米国の対中圧力が米墨供給網へ影響,CTA_SURGE
8282.T,1897.5,1967.1,1862.7,0.5576,0.5702,0.2551,0.243,0.86,0.898,0.95,0.09,1.1,通常ロット ＋ 地合い危険度SAFE(1.10倍),-0.09,0.96,14.8,👀 WATCH,監視対象(勝率55.8%),小売・消費・インバウンド,0.0,False,通常,新規材料なし、中立を維持,CTA_SURGE
7272.T,1801.5,1917.8,1743.4,0.5531,0.5697,0.2507,0.2351,0.856,0.904,0.95,0.28,1.03,通常ロット ＋ セクターセンチメント(-0.20 -> 0.94倍) ＋ 地合い危険度SAFE(1.10倍),0.35,0.76,89.2,👀 WATCH,監視対象(勝率55.3%),自動車・輸出,-0.2,False,打診30%抑制,米国の対中圧力が米墨供給網へ影響,CTA_SURGE
7966.T,5540.0,5922.9,5348.6,0.5517,0.5722,0.252,0.2333,0.851,0.911,0.92,2.87,1.1,通常ロット ＋ 地合い危険度SAFE(1.10倍),0.94,1.46,44.7,👀 WATCH,監視対象(勝率55.2%),,0.0,False,通常,,CTA_SURGE
9301.T,1543.5,1592.1,1519.2,0.5512,0.5324,0.2511,0.2721,0.851,0.793,1.07,0.2,1.13,通常ロット ＋ セクターセンチメント(+0.10 -> 1.03倍) ＋ 地合い危険度SAFE(1.10倍),0.07,1.56,12.8,👀 WATCH,監視対象(勝率55.1%),海運・物流,0.1,False,通常,運賃高騰材料は織り込みが進む,CTA_SURGE
4021.T,8140.0,8564.7,7927.6,0.5494,0.5326,0.2522,0.2712,0.847,0.794,1.07,0.12,1.1,通常ロット ＋ 地合い危険度SAFE(1.10倍),0.75,0.92,42.9,👀 WATCH,監視対象(勝率54.9%),,0.0,False,通常,,CTA_SURGE
2282.T,6211.0,6446.7,6093.1,0.5464,0.5204,0.2482,0.2789,0.845,0.762,1.11,0.21,0.55,逆張りリバウンド警戒 (前日比-0.6%) ＋ 地合い危険度SAFE(1.10倍),-0.3,0.72,33.7,👀 WATCH,監視対象(勝率54.6%),食料品・ディフェンシブ,0.0,False,通常,値上げ材料は織り込み済みで中立,CTA_SURGE
5016.T,3652.0,3995.1,3480.4,0.5511,0.5663,0.2575,0.2429,0.845,0.89,0.94,1.49,1.1,通常ロット ＋ 地合い危険度SAFE(1.10倍),1.78,0.7,535.3,👀 WATCH,監視対象(勝率55.1%),,0.0,False,通常,,CTA_SURGE
4528.T,2330.0,2421.0,2284.5,0.5499,0.5524,0.2554,0.2529,0.844,0.852,0.99,0.29,0.55,逆張りリバウンド警戒 (前日比-1.0%) ＋ 地合い危険度SAFE(1.10倍),-0.13,0.88,28.8,👀 WATCH,監視対象(勝率55.0%),,0.0,False,通常,,CTA_SURGE
5105.T,3721.0,3940.3,3611.4,0.5429,0.5396,0.2475,0.2512,0.838,0.828,1.03,0.25,1.03,通常ロット ＋ セクターセンチメント(-0.20 -> 0.94倍) ＋ 地合い危険度SAFE(1.10倍),0.46,0.48,77.1,👀 WATCH,監視対象(勝率54.3%),自動車・輸出,-0.2,False,打診30%抑制,米国の対中圧力が米墨供給網へ影響,CTA_SURGE
7186.T,1883.5,1990.4,1830.0,0.547,0.5463,0.2588,0.2612,0.835,0.831,0.95,0.28,0.66,逆張りリバウンド警戒 (前日比-0.2%) ＋ セクターセンチメント(+0.70 -> 1.21倍) ＋ 地合い危険度SAFE(1.10倍),0.39,0.87,76.2,👀 WATCH,監視対象(勝率54.7%),銀行・金融,0.7,False,通常,日銀引き締め加速観測で利ざや改善期待,CTA_SURGE
4901.T,3300.0,3425.4,3237.3,0.548,0.574,0.2617,0.2379,0.834,0.91,0.9,0.9,1.1,通常ロット ＋ 地合い危険度SAFE(1.10倍),0.26,1.04,108.4,👀 WATCH,監視対象(勝率54.8%),,0.0,False,通常,,CTA_SURGE
4922.T,5635.0,5879.0,5513.0,0.5428,0.5404,0.2537,0.2563,0.832,0.824,1.01,0.69,0.55,逆張りリバウンド警戒 (前日比-0.2%) ＋ 地合い危険度SAFE(1.10倍),-0.12,0.81,14.7,👀 WATCH,監視対象(勝率54.3%),,0.0,False,通常,,CTA_SURGE
4401.T,4562.0,4818.0,4434.0,0.5486,0.5536,0.2661,0.2609,0.831,0.846,0.98,0.73,1.1,通常ロット ＋ 地合い危険度SAFE(1.10倍),0.76,1.16,11.1,👀 WATCH,監視対象(勝率54.9%),,0.0,False,通常,,CTA_SURGE
1803.T,2371.5,2520.8,2296.9,0.5456,0.548,0.2627,0.2601,0.829,0.836,0.99,0.49,1.1,通常ロット ＋ 地合い危険度SAFE(1.10倍),0.54,0.85,94.1,👀 WATCH,監視対象(勝率54.6%),,0.0,False,通常,,CTA_SURGE
5714.T,8981.0,9732.4,8605.3,0.545,0.5821,0.2629,0.2306,0.827,0.934,0.86,0.87,1.1,通常ロット ＋ 地合い危険度SAFE(1.10倍),0.77,0.8,33.8,👀 WATCH,監視対象(勝率54.5%),,0.0,False,通常,,CTA_SURGE
6324.T,5970.0,6564.3,5672.9,0.5354,0.499,0.2441,0.2874,0.827,0.711,1.13,0.94,1.2,通常ロット ＋ セクターセンチメント(+0.30 -> 1.09倍) ＋ 地合い危険度SAFE(1.10倍),1.83,0.55,59.2,👀 WATCH,監視対象(勝率53.5%),防衛・重工,0.3,False,通常,防衛費概算要求や無人機需要が追い風,CTA_SURGE
5406.T,2046.5,2120.5,2009.5,0.5444,0.5545,0.2645,0.2543,0.824,0.855,0.96,1.12,1.1,通常ロット ＋ 地合い危険度SAFE(1.10倍),0.26,1.09,26.1,👀 WATCH,監視対象(勝率54.4%),,0.0,False,通常,,CTA_SURGE
9936.T,2931.0,3014.4,2889.3,0.5387,0.5313,0.2607,0.2688,0.817,0.794,1.03,0.22,0.55,逆張りリバウンド警戒 (前日比-0.9%) ＋ 地合い危険度SAFE(1.10倍),-0.14,1.04,10.9,👀 WATCH,監視対象(勝率53.9%),小売・消費・インバウンド,0.0,False,通常,新規材料なし、中立を維持,CTA_SURGE
1961.T,2479.0,2619.3,2408.9,0.5398,0.5324,0.2633,0.2715,0.816,0.793,1.03,0.47,1.1,通常ロット ＋ 地合い危険度SAFE(1.10倍),0.84,0.94,12.1,👀 WATCH,監視対象(勝率54.0%),,0.0,False,通常,,CTA_SURGE
5711.T,5032.0,5585.6,4755.2,0.537,0.5321,0.2592,0.2645,0.815,0.8,1.02,1.32,1.1,通常ロット ＋ 地合い危険度SAFE(1.10倍),1.04,0.91,79.9,👀 WATCH,監視対象(勝率53.7%),,0.0,False,通常,,CTA_SURGE
7203.T,3016.0,3158.8,2944.6,0.5394,0.5536,0.2639,0.2497,0.815,0.857,0.96,0.81,0.52,逆張りリバウンド警戒 (前日比-0.2%) ＋ セクターセンチメント(-0.20 -> 0.94倍) ＋ 地合い危険度SAFE(1.10倍),0.12,0.82,642.6,👀 WATCH,監視対象(勝率53.9%),自動車・輸出,-0.2,False,打診30%抑制,米国の対中圧力が米墨供給網へ影響,CTA_SURGE
3099.T,3272.0,3439.3,3188.4,0.5336,0.5262,0.2532,0.261,0.814,0.791,1.03,0.44,1.1,通常ロット ＋ 地合い危険度SAFE(1.10倍),0.33,1.33,63.2,👀 WATCH,監視対象(勝率53.4%),小売・消費・インバウンド,0.0,False,通常,新規材料なし、中立を維持,CTA_SURGE
6301.T,7045.0,7399.1,6867.9,0.5355,0.5128,0.2592,0.2856,0.812,0.74,1.07,0.31,0.61,逆張りリバウンド警戒 (前日比-0.2%) ＋ セクターセンチメント(+0.30 -> 1.09倍) ＋ 地合い危険度SAFE(1.10倍),0.42,0.97,188.5,👀 WATCH,監視対象(勝率53.5%),防衛・重工,0.3,False,通常,防衛費概算要求や無人機需要が追い風,CTA_SURGE
7261.T,1157.5,1225.1,1123.7,0.5392,0.5638,0.2669,0.2432,0.811,0.884,0.92,1.14,1.03,通常ロット ＋ セクターセンチメント(-0.20 -> 0.94倍) ＋ 地合い危険度SAFE(1.10倍),0.35,0.84,54.9,👀 WATCH,監視対象(勝率53.9%),自動車・輸出,-0.2,False,打診30%抑制,米国の対中圧力が米墨供給網へ影響,CTA_SURGE
4523.T,4785.0,4947.1,4703.9,0.5351,0.5505,0.2656,0.2506,0.805,0.85,0.94,0.91,1.1,通常ロット ＋ 地合い危険度SAFE(1.10倍),-0.13,0.79,51.8,👀 WATCH,監視対象(勝率53.5%),,0.0,False,通常,,CTA_SURGE
8801.T,1473.5,1541.1,1439.7,0.5362,0.5288,0.2681,0.2764,0.804,0.781,1.03,0.31,1.1,通常ロット ＋ 地合い危険度SAFE(1.10倍),0.06,1.1,139.5,👀 WATCH,監視対象(勝率53.6%),,0.0,False,通常,,CTA_SURGE
1721.T,5493.0,5710.6,5384.2,0.5297,0.5037,0.2586,0.2905,0.801,0.717,1.11,0.07,1.1,通常ロット ＋ 地合い危険度SAFE(1.10倍),0.2,0.6,24.0,👀 WATCH,監視対象(勝率53.0%),,0.0,False,通常,,CTA_SURGE
4043.T,4166.0,4437.0,4030.5,0.5338,0.5289,0.2714,0.2769,0.796,0.781,1.02,3.46,0.66,需給滞留警戒 (消化3.46日) ＋ 地合い危険度SAFE(1.10倍),1.27,1.07,17.8,👀 WATCH,監視対象(勝率53.4%),,0.0,False,通常,,CTA_SURGE
9142.T,3540.0,3644.1,3487.9,0.5295,0.5275,0.2801,0.2824,0.779,0.773,1.0,0.74,0.57,逆張りリバウンド警戒 (前日比-0.6%) ＋ セクターセンチメント(+0.10 -> 1.03倍) ＋ 地合い危険度SAFE(1.10倍),-0.17,0.8,20.7,👀 WATCH,監視対象(勝率52.9%),海運・物流,0.1,False,通常,運賃高騰材料は織り込みが進む,CTA_SURGE
6227.T,5700.0,6528.6,5285.7,0.5181,0.5024,0.2589,0.2763,0.777,0.728,1.04,3.1,1.2,通常ロット ＋ セクターセンチメント(+0.30 -> 1.09倍) ＋ 地合い危険度SAFE(1.10倍),1.48,0.98,59.4,👀 WATCH,監視対象(勝率51.8%),防衛・重工,0.3,False,通常,防衛費概算要求や無人機需要が追い風,CTA_SURGE
543A.T,274.0,289.0,266.5,0.5266,0.5568,0.2814,0.2518,0.772,0.862,0.9,1.92,1.03,通常ロット ＋ セクターセンチメント(-0.20 -> 0.94倍) ＋ 地合い危険度SAFE(1.10倍),0.3,1.25,51.8,👀 WATCH,監視対象(勝率52.7%),自動車・輸出,-0.2,False,打診30%抑制,米国の対中圧力が米墨供給網へ影響,CTA_SURGE
8377.T,8250.0,8743.7,8003.1,0.518,0.4852,0.2647,0.3048,0.771,0.665,1.08,0.92,1.33,通常ロット ＋ セクターセンチメント(+0.70 -> 1.21倍) ＋ 地合い危険度SAFE(1.10倍),0.48,0.99,28.9,👀 WATCH,監視対象(勝率51.8%),銀行・金融,0.7,False,通常,日銀引き締め加速観測で利ざや改善期待,CTA_SURGE
5801.T,3812.0,4304.4,3565.8,0.5173,0.5123,0.2699,0.2754,0.765,0.749,1.02,0.76,1.1,通常ロット ＋ 地合い危険度SAFE(1.10倍),1.98,0.79,835.4,👀 WATCH,監視対象(勝率51.7%),,0.0,False,通常,,CTA_SURGE
1801.T,12560.0,13352.1,12163.9,0.5213,0.5238,0.2804,0.2777,0.762,0.77,0.99,0.45,1.1,通常ロット ＋ 地合い危険度SAFE(1.10倍),0.59,0.74,121.4,👀 WATCH,監視対象(勝率52.1%),,0.0,False,通常,,CTA_SURGE
2264.T,1139.5,1194.6,1111.9,0.5146,0.4977,0.2692,0.2895,0.76,0.706,1.07,0.32,1.1,通常ロット ＋ 地合い危険度SAFE(1.10倍),-0.36,0.9,24.5,👀 WATCH,監視対象(勝率51.5%),食料品・ディフェンシブ,0.0,False,通常,値上げ材料は織り込み済みで中立,CTA_SURGE
4812.T,2861.0,2906.1,2838.4,0.5216,0.4955,0.2837,0.3187,0.759,0.672,1.11,0.3,0.55,逆張りリバウンド警戒 (前日比-0.1%) ＋ 地合い危険度SAFE(1.10倍),-0.04,0.91,20.9,👀 WATCH,監視対象(勝率52.2%),,0.0,False,通常,,CTA_SURGE
6356.T,1458.0,1649.4,1362.3,0.513,0.4902,0.2669,0.294,0.759,0.686,1.07,0.23,1.2,通常ロット ＋ セクターセンチメント(+0.30 -> 1.09倍) ＋ 地合い危険度SAFE(1.10倍),0.88,0.91,43.5,👀 WATCH,監視対象(勝率51.3%),防衛・重工,0.3,False,通常,防衛費概算要求や無人機需要が追い風,CTA_SURGE
7259.T,2233.0,2335.9,2181.5,0.5183,0.5248,0.2779,0.2708,0.759,0.779,0.99,0.4,1.03,通常ロット ＋ セクターセンチメント(-0.20 -> 0.94倍) ＋ 地合い危険度SAFE(1.10倍),0.13,0.66,55.2,👀 WATCH,監視対象(勝率51.8%),自動車・輸出,-0.2,False,打診30%抑制,米国の対中圧力が米墨供給網へ影響,CTA_SURGE
9020.T,3499.0,3617.7,3439.6,0.517,0.5076,0.2792,0.2903,0.755,0.725,1.03,0.35,0.57,逆張りリバウンド警戒 (前日比-0.8%) ＋ セクターセンチメント(+0.10 -> 1.03倍) ＋ 地合い危険度SAFE(1.10倍),-0.27,1.06,85.8,👀 WATCH,監視対象(勝率51.7%),海運・物流,0.1,False,通常,運賃高騰材料は織り込みが進む,CTA_SURGE
8303.T,1592.5,1674.9,1551.3,0.5143,0.5162,0.2782,0.278,0.75,0.754,0.94,3.18,0.66,逆張りリバウンド警戒 (前日比-1.0%) ＋ セクターセンチメント(+0.70 -> 1.21倍) ＋ 地合い危険度SAFE(1.10倍),0.38,0.78,52.2,👀 WATCH,監視対象(勝率51.4%),銀行・金融,0.7,False,通常,日銀引き締め加速観測で利ざや改善期待,CTA_SURGE
4666.T,1996.0,2080.5,1953.8,0.5201,0.5576,0.2953,0.2591,0.745,0.856,0.86,1.16,0.55,逆張りリバウンド警戒 (前日比-0.0%) ＋ 地合い危険度SAFE(1.10倍),0.12,0.93,14.9,👀 WATCH,監視対象(勝率52.0%),,0.0,False,通常,,CTA_SURGE
5805.T,13010.0,14477.1,12276.4,0.5107,0.5058,0.2767,0.2823,0.745,0.729,1.02,0.84,1.1,通常ロット ＋ 地合い危険度SAFE(1.10倍),1.45,0.83,37.8,👀 WATCH,監視対象(勝率51.1%),,0.0,False,通常,,CTA_SURGE
5631.T,7107.0,7738.0,6791.5,0.5106,0.5423,0.2784,0.2502,0.743,0.834,0.86,1.0,1.2,通常ロット ＋ セクターセンチメント(+0.30 -> 1.09倍) ＋ 地合い危険度SAFE(1.10倍),0.45,0.56,90.4,👀 WATCH,監視対象(勝率51.1%),防衛・重工,0.3,False,通常,防衛費概算要求や無人機需要が追い風,CTA_SURGE
3769.T,8678.0,9215.4,8409.3,0.5061,0.5189,0.2795,0.2662,0.733,0.772,0.95,0.48,1.1,通常ロット ＋ 地合い危険度SAFE(1.10倍),-0.2,0.9,24.5,👀 WATCH,監視対象(勝率50.6%),,0.0,False,通常,,CTA_SURGE
4392.T,945.0,1097.3,868.9,0.4983,0.4791,0.2656,0.2887,0.731,0.669,1.08,3.24,0.55,逆張りリバウンド警戒 (前日比-3.7%) ＋ 地合い危険度SAFE(1.10倍),0.35,0.68,11.3,👀 WATCH,監視対象(勝率49.8%),,0.0,False,通常,,CTA_SURGE
4114.T,2580.0,2693.1,2523.4,0.5105961561203003,0.5106,0.290840744972229,0.2908,0.73,0.73,1.0,0.69,1.1,通常ロット ＋ 地合い危険度SAFE(1.10倍),0.29,1.01,17.8,👀 WATCH,監視対象(勝率51.1%),,0.0,False,通常,,CTA_SURGE
5830.T,3828.0,4058.3,3712.9,0.5055,0.5074,0.2805,0.2803,0.73,0.734,0.94,0.53,1.33,通常ロット ＋ セクターセンチメント(+0.70 -> 1.21倍) ＋ 地合い危険度SAFE(1.10倍),0.36,0.6,37.5,👀 WATCH,監視対象(勝率50.5%),銀行・金融,0.7,False,通常,日銀引き締め加速観測で利ざや改善期待,CTA_SURGE
7721.T,6800.0,7452.9,6473.6,0.5075,0.5392,0.2852,0.2563,0.73,0.822,0.86,1.79,1.2,通常ロット ＋ セクターセンチメント(+0.30 -> 1.09倍) ＋ 地合い危険度SAFE(1.10倍),0.98,0.73,17.4,👀 WATCH,監視対象(勝率50.7%),防衛・重工,0.3,False,通常,防衛費概算要求や無人機需要が追い風,CTA_SURGE
5344.T,54530.0,59347.1,52121.4,0.5025,0.4833,0.2782,0.3024,0.727,0.664,1.08,0.8,1.1,通常ロット ＋ 地合い危険度SAFE(1.10倍),1.49,0.41,41.3,👀 WATCH,監視対象(勝率50.2%),,0.0,False,通常,,CTA_SURGE
4751.T,1253.5,1313.1,1223.7,0.5049,0.5425,0.2861,0.251,0.724,0.834,0.86,1.52,0.55,逆張りリバウンド警戒 (前日比-0.8%) ＋ 地合い危険度SAFE(1.10倍),-0.3,0.86,53.1,👀 WATCH,監視対象(勝率50.5%),,0.0,False,通常,,CTA_SURGE
1802.T,3072.0,3218.9,2998.5,0.4979,0.4719,0.2777,0.312,0.718,0.632,1.11,0.32,1.1,通常ロット ＋ 地合い危険度SAFE(1.10倍),0.21,0.74,75.1,👀 WATCH,監視対象(勝率49.8%),,0.0,False,通常,,CTA_SURGE
7581.T,6390.0,6890.0,6140.0,0.4968,0.5019,0.2781,0.2727,0.716,0.731,0.98,1.57,0.55,逆張りリバウンド警戒 (前日比-4.6%) ＋ 地合い危険度SAFE(1.10倍),-0.45,1.17,28.4,👀 WATCH,監視対象(勝率49.7%),小売・消費・インバウンド,0.0,False,通常,新規材料なし、中立を維持,CTA_SURGE
7282.T,5182.0,5463.4,5041.3,0.5036,0.5204,0.2925,0.2742,0.715,0.767,0.95,0.49,1.03,通常ロット ＋ セクターセンチメント(-0.20 -> 0.94倍) ＋ 地合い危険度SAFE(1.10倍),0.6,0.88,22.8,👀 WATCH,監視対象(勝率50.4%),自動車・輸出,-0.2,False,打診30%抑制,米国の対中圧力が米墨供給網へ影響,CTA_SURGE
1942.T,5469.0,5789.6,5308.7,0.5052,0.5207,0.3012,0.2841,0.709,0.757,0.94,0.78,1.1,通常ロット ＋ 地合い危険度SAFE(1.10倍),0.64,0.71,32.6,👀 WATCH,監視対象(勝率50.5%),,0.0,False,通常,,CTA_SURGE
8601.T,1831.0,1916.3,1788.4,0.4995,0.4859,0.2955,0.313,0.704,0.659,1.0,0.55,1.33,通常ロット ＋ セクターセンチメント(+0.70 -> 1.21倍) ＋ 地合い危険度SAFE(1.10倍),0.36,1.57,86.0,👀 WATCH,監視対象(勝率50.0%),銀行・金融,0.7,False,通常,日銀引き締め加速観測で利ざや改善期待,CTA_SURGE
4503.T,2313.5,2406.2,2267.1,0.4999,0.5127,0.3019,0.2875,0.698,0.738,0.95,0.18,1.1,通常ロット ＋ 地合い危険度SAFE(1.10倍),0.03,0.95,121.3,👀 WATCH,監視対象(勝率50.0%),,0.0,False,通常,,CTA_SURGE
9861.T,3761.0,3902.9,3690.1,0.4983,0.5008,0.3019,0.2989,0.695,0.703,0.99,0.18,0.55,逆張りリバウンド警戒 (前日比-0.9%) ＋ 地合い危険度SAFE(1.10倍),-0.25,0.86,11.9,👀 WATCH,監視対象(勝率49.8%),小売・消費・インバウンド,0.0,False,通常,新規材料なし、中立を維持,CTA_SURGE
2695.T,1659.0,1737.7,1619.6,0.4979,0.5107,0.3026,0.2882,0.693,0.733,0.95,0.46,0.55,逆張りリバウンド警戒 (前日比-0.7%) ＋ 地合い危険度SAFE(1.10倍),-0.18,0.62,10.5,👀 WATCH,監視対象(勝率49.8%),小売・消費・インバウンド,0.0,False,通常,新規材料なし、中立を維持,CTA_SURGE
4194.T,8407.0,9050.7,8085.1,0.4932,0.5061,0.2967,0.2826,0.69,0.73,0.95,0.24,0.55,逆張りリバウンド警戒 (前日比-2.2%) ＋ 地合い危険度SAFE(1.10倍),-0.2,0.34,38.9,👀 WATCH,監視対象(勝率49.3%),,0.0,False,通常,,CTA_SURGE
8795.T,4974.0,5207.1,4857.4,0.4898,0.489,0.3002,0.3028,0.679,0.675,0.95,0.17,1.33,通常ロット ＋ セクターセンチメント(+0.70 -> 1.21倍) ＋ 地合い危険度SAFE(1.10倍),0.33,0.76,64.7,👀 WATCH,監視対象(勝率49.0%),銀行・金融,0.7,False,通常,日銀引き締め加速観測で利ざや改善期待,CTA_SURGE
8117.T,2157.0,2268.1,2101.4,0.4899,0.4916,0.3015,0.2999,0.678,0.683,0.97,0.61,1.2,通常ロット ＋ セクターセンチメント(+0.30 -> 1.09倍) ＋ 地合い危険度SAFE(1.10倍),0.21,1.52,17.7,👀 WATCH,監視対象(勝率49.0%),総合商社・資源,0.3,False,通常,原油高やインフレ警戒で資金流入持続,CTA_SURGE
429A.T,3670.0,4015.7,3497.1,0.4881,0.4832,0.3014,0.3076,0.675,0.659,1.02,2.06,1.1,通常ロット ＋ 地合い危険度SAFE(1.10倍),1.61,0.64,22.6,👀 WATCH,監視対象(勝率48.8%),,0.0,False,通常,,CTA_SURGE
8358.T,2864.0,3008.3,2791.9,0.4883,0.4849,0.3065,0.3122,0.67,0.658,0.96,0.81,1.33,通常ロット ＋ セクターセンチメント(+0.70 -> 1.21倍) ＋ 地合い危険度SAFE(1.10倍),0.38,1.07,25.8,👀 WATCH,監視対象(勝率48.8%),銀行・金融,0.7,False,通常,日銀引き締め加速観測で利ざや改善期待,CTA_SURGE
1812.T,4950.0,5233.3,4808.4,0.481,0.4964,0.3154,0.2976,0.647,0.695,0.94,0.62,1.1,通常ロット ＋ 地合い危険度SAFE(1.10倍),0.58,0.65,99.7,👀 WATCH,監視対象(勝率48.1%),,0.0,False,通常,,CTA_SURGE
1944.T,6869.0,7247.9,6679.6,0.4807,0.4857,0.3158,0.3096,0.646,0.662,0.98,0.56,1.1,通常ロット ＋ 地合い危険度SAFE(1.10倍),0.55,0.87,29.3,👀 WATCH,監視対象(勝率48.1%),,0.0,False,通常,,CTA_SURGE
6302.T,5709.0,6155.4,5485.8,0.4764,0.4631,0.3069,0.3241,0.646,0.602,1.03,0.3,1.2,通常ロット ＋ セクターセンチメント(+0.30 -> 1.09倍) ＋ 地合い危険度SAFE(1.10倍),0.9,1.12,35.2,👀 WATCH,監視対象(勝率47.6%),防衛・重工,0.3,False,通常,防衛費概算要求や無人機需要が追い風,CTA_SURGE
8354.T,7700.0,8054.4,7522.8,0.4772,0.479,0.3093,0.309,0.645,0.649,0.94,0.53,0.66,逆張りリバウンド警戒 (前日比-0.5%) ＋ セクターセンチメント(+0.70 -> 1.21倍) ＋ 地合い危険度SAFE(1.10倍),0.35,0.91,62.1,👀 WATCH,監視対象(勝率47.7%),銀行・金融,0.7,False,通常,日銀引き締め加速観測で利ざや改善期待,CTA_SURGE
3382.T,2031.5,2104.1,1995.2,0.4803,0.4828,0.3193,0.3162,0.641,0.649,0.99,0.26,0.55,逆張りリバウンド警戒 (前日比-0.4%) ＋ 地合い危険度SAFE(1.10倍),-0.37,0.84,144.6,👀 WATCH,監視対象(勝率48.0%),小売・消費・インバウンド,0.0,False,通常,新規材料なし、中立を維持,CTA_SURGE
3391.T,2209.0,2334.4,2146.3,0.47,0.4626,0.3052,0.3147,0.635,0.611,1.03,0.17,0.55,逆張りリバウンド警戒 (前日比-3.0%) ＋ 地合い危険度SAFE(1.10倍),-0.38,1.03,32.2,👀 WATCH,監視対象(勝率47.0%),小売・消費・インバウンド,0.0,False,通常,新規材料なし、中立を維持,CTA_SURGE
8316.T,6842.0,7203.9,6661.1,0.4753,0.488,0.3194,0.3076,0.631,0.668,0.9,1.1,1.33,通常ロット ＋ セクターセンチメント(+0.70 -> 1.21倍) ＋ 地合い危険度SAFE(1.10倍),0.42,0.88,804.4,👀 WATCH,監視対象(勝率47.5%),銀行・金融,0.7,False,通常,日銀引き締め加速観測で利ざや改善期待,CTA_SURGE
7741.T,22390.0,23422.1,21873.9,0.8103,0.8265,0.0945,0.0852,1.526,1.568,0.95,0.26,0.87,通常ロット ＋ セクターセンチメント(-0.70 -> 0.79倍) ＋ 地合い危険度SAFE(1.10倍),0.46,0.87,230.3,⏸️ WAIT,🛑 セクターショック警戒回避 [中国AI台頭と収益性懸念で懸念拡大],半導体・ハイテク,-0.7,True,見送り,中国AI台頭と収益性懸念で懸念拡大,CTA_SURGE
6861.T,75900.0,80014.3,73842.9,0.7891,0.7937,0.1085,0.1058,1.47,1.482,1.03,0.29,0.87,通常ロット ＋ セクターセンチメント(-0.70 -> 0.79倍) ＋ 地合い危険度SAFE(1.10倍),0.84,0.78,425.2,⏸️ WAIT,🛑 セクターショック警戒回避 [中国AI台頭と収益性懸念で懸念拡大],半導体・ハイテク,-0.7,True,見送り,中国AI台頭と収益性懸念で懸念拡大,CTA_SURGE
6506.T,4360.0,4660.4,4209.8,0.7755,0.8026,0.1151,0.0991,1.436,1.506,0.9,1.95,0.87,通常ロット ＋ セクターセンチメント(-0.70 -> 0.79倍) ＋ 地合い危険度SAFE(1.10倍),1.62,0.74,150.4,⏸️ WAIT,🛑 セクターショック警戒回避 [中国AI台頭と収益性懸念で懸念拡大],半導体・ハイテク,-0.7,True,見送り,中国AI台頭と収益性懸念で懸念拡大,CTA_SURGE
6841.T,4642.0,4909.6,4508.2,0.7753,0.7869,0.1147,0.1075,1.436,1.466,0.99,0.21,0.87,通常ロット ＋ セクターセンチメント(-0.70 -> 0.79倍) ＋ 地合い危険度SAFE(1.10倍),0.79,0.61,40.3,⏸️ WAIT,🛑 セクターショック警戒回避 [中国AI台頭と収益性懸念で懸念拡大],半導体・ハイテク,-0.7,True,見送り,中国AI台頭と収益性懸念で懸念拡大,CTA_SURGE
7731.T,1729.5,1836.3,1676.1,0.7752,0.7936,0.1165,0.105,1.434,1.482,0.95,0.25,0.87,通常ロット ＋ セクターセンチメント(-0.70 -> 0.79倍) ＋ 地合い危険度SAFE(1.10倍),0.86,0.93,27.2,⏸️ WAIT,🛑 セクターショック警戒回避 [中国AI台頭と収益性懸念で懸念拡大],半導体・ハイテク,-0.7,True,見送り,中国AI台頭と収益性懸念で懸念拡大,CTA_SURGE
4063.T,5820.0,6019.4,5720.3,0.7644,0.7852,0.1251,0.1118,1.404,1.459,0.94,0.71,0.87,通常ロット ＋ セクターセンチメント(-0.70 -> 0.79倍) ＋ 地合い危険度SAFE(1.10倍),0.84,0.91,338.1,⏸️ WAIT,🛑 セクターショック警戒回避 [中国AI台頭と収益性懸念で懸念拡大],半導体・ハイテク,-0.7,True,見送り,中国AI台頭と収益性懸念で懸念拡大,CTA_SURGE
8086.T,1464.0,1512.9,1439.5,0.7554,0.7467,0.1263,0.1344,1.384,1.359,1.11,0.27,0.87,通常ロット ＋ セクターセンチメント(-0.70 -> 0.79倍) ＋ 地合い危険度SAFE(1.10倍),-0.06,1.05,11.4,⏸️ WAIT,🛑 セクターショック警戒回避 [中国AI台頭と収益性懸念で懸念拡大],半導体・ハイテク,-0.7,True,見送り,中国AI台頭と収益性懸念で懸念拡大,CTA_SURGE
6806.T,24495.0,25762.1,23861.4,0.7545,0.7597,0.1278,0.1248,1.381,1.395,1.03,0.17,0.87,通常ロット ＋ セクターセンチメント(-0.70 -> 0.79倍) ＋ 地合い危険度SAFE(1.10倍),0.93,0.99,30.1,⏸️ WAIT,🛑 セクターショック警戒回避 [中国AI台頭と収益性懸念で懸念拡大],半導体・ハイテク,-0.7,True,見送り,中国AI台頭と収益性懸念で懸念拡大,CTA_SURGE
6856.T,22130.0,23578.6,21405.7,0.744,0.7493,0.1321,0.129,1.356,1.37,1.03,0.3,0.87,通常ロット ＋ セクターセンチメント(-0.70 -> 0.79倍) ＋ 地合い危険度SAFE(1.10倍),1.19,0.82,43.8,⏸️ WAIT,🛑 セクターショック警戒回避 [中国AI台頭と収益性懸念で懸念拡大],半導体・ハイテク,-0.7,True,見送り,中国AI台頭と収益性懸念で懸念拡大,CTA_SURGE
6845.T,1459.5,1515.1,1431.7,0.738,0.7586,0.1384,0.1248,1.338,1.392,0.95,0.15,0.87,通常ロット ＋ セクターセンチメント(-0.70 -> 0.79倍) ＋ 地合い危険度SAFE(1.10倍),0.4,0.83,16.8,⏸️ WAIT,🛑 セクターショック警戒回避 [中国AI台頭と収益性懸念で懸念拡大],半導体・ハイテク,-0.7,True,見送り,中国AI台頭と収益性懸念で懸念拡大,CTA_SURGE
6965.T,2226.0,2366.9,2155.6,0.7383,0.7531,0.1383,0.1284,1.338,1.378,0.98,1.54,0.87,通常ロット ＋ セクターセンチメント(-0.70 -> 0.79倍) ＋ 地合い危険度SAFE(1.10倍),1.16,0.94,45.3,⏸️ WAIT,🛑 セクターショック警戒回避 [中国AI台頭と収益性懸念で懸念拡大],半導体・ハイテク,-0.7,True,見送り,中国AI台頭と収益性懸念で懸念拡大,CTA_SURGE
6834.T,5010.0,9099.3,2965.4,0.7341,0.7304,0.137,0.141,1.331,1.32,1.08,2.06,0.87,通常ロット ＋ セクターセンチメント(-0.70 -> 0.79倍) ＋ 地合い危険度SAFE(1.10倍),2.1,0.62,33.1,⏸️ WAIT,🛑 セクターショック警戒回避 [中国AI台頭と収益性懸念で懸念拡大],半導体・ハイテク,-0.7,True,見送り,中国AI台頭と収益性懸念で懸念拡大,CTA_SURGE
7701.T,3833.0,3996.7,3751.1,0.7342,0.7396,0.1385,0.1353,1.33,1.344,1.03,0.19,0.87,通常ロット ＋ セクターセンチメント(-0.70 -> 0.79倍) ＋ 地合い危険度SAFE(1.10倍),0.33,0.85,47.4,⏸️ WAIT,🛑 セクターショック警戒回避 [中国AI台頭と収益性懸念で懸念拡大],半導体・ハイテク,-0.7,True,見送り,中国AI台頭と収益性懸念で懸念拡大,CTA_SURGE
6925.T,3588.0,3838.1,3462.9,0.7336,0.7466,0.14,0.1313,1.327,1.362,0.99,0.25,0.87,通常ロット ＋ セクターセンチメント(-0.70 -> 0.79倍) ＋ 地合い危険度SAFE(1.10倍),1.25,0.83,10.0,⏸️ WAIT,🛑 セクターショック警戒回避 [中国AI台頭と収益性懸念で懸念拡大],半導体・ハイテク,-0.7,True,見送り,中国AI台頭と収益性懸念で懸念拡大,CTA_SURGE
6146.T,51000.0,55662.9,48668.6,0.7305,0.7695,0.1407,0.1168,1.32,1.422,0.86,0.69,0.87,通常ロット ＋ セクターセンチメント(-0.70 -> 0.79倍) ＋ 地合い危険度SAFE(1.10倍),2.0,1.03,683.6,⏸️ WAIT,🛑 セクターショック警戒回避 [中国AI台頭と収益性懸念で懸念拡大],半導体・ハイテク,-0.7,True,見送り,中国AI台頭と収益性懸念で懸念拡大,CTA_SURGE
6954.T,5838.0,6169.4,5672.3,0.7258,0.7489,0.1465,0.1309,1.305,1.367,0.94,1.3,0.87,通常ロット ＋ セクターセンチメント(-0.70 -> 0.79倍) ＋ 地合い危険度SAFE(1.10倍),1.25,0.57,250.5,⏸️ WAIT,🛑 セクターショック警戒回避 [中国AI台頭と収益性懸念で懸念拡大],半導体・ハイテク,-0.7,True,見送り,中国AI台頭と収益性懸念で懸念拡大,CTA_SURGE
6754.T,3156.0,3370.1,3048.9,0.7244,0.7476,0.1446,0.1291,1.304,1.366,0.94,0.72,0.87,通常ロット ＋ セクターセンチメント(-0.70 -> 0.79倍) ＋ 地合い危険度SAFE(1.10倍),1.06,0.92,27.6,⏸️ WAIT,🛑 セクターショック警戒回避 [中国AI台頭と収益性懸念で懸念拡大],半導体・ハイテク,-0.7,True,見送り,中国AI台頭と収益性懸念で懸念拡大,CTA_SURGE
6728.T,7095.0,7589.6,6847.7,0.7224,0.7457,0.1454,0.1299,1.299,1.362,0.94,0.83,0.87,通常ロット ＋ セクターセンチメント(-0.70 -> 0.79倍) ＋ 地合い危険度SAFE(1.10倍),1.39,1.06,33.5,⏸️ WAIT,🛑 セクターショック警戒回避 [中国AI台頭と収益性懸念で懸念拡大],半導体・ハイテク,-0.7,True,見送り,中国AI台頭と収益性懸念で懸念拡大,CTA_SURGE
6504.T,12815.0,13717.9,12363.6,0.7211,0.7444,0.1473,0.1316,1.295,1.357,0.94,0.75,0.87,通常ロット ＋ セクターセンチメント(-0.70 -> 0.79倍) ＋ 地合い危険度SAFE(1.10倍),1.25,0.85,73.3,⏸️ WAIT,🛑 セクターショック警戒回避 [中国AI台頭と収益性懸念で懸念拡大],半導体・ハイテク,-0.7,True,見送り,中国AI台頭と収益性懸念で懸念拡大,CTA_SURGE
4543.T,2244.0,2350.9,2190.5,0.7121,0.734,0.1519,0.137,1.272,1.331,0.95,0.17,0.87,通常ロット ＋ セクターセンチメント(-0.70 -> 0.79倍) ＋ 地合い危険度SAFE(1.10倍),-0.1,0.6,108.2,⏸️ WAIT,🛑 セクターショック警戒回避 [中国AI台頭と収益性懸念で懸念拡大],半導体・ハイテク,-0.7,True,見送り,中国AI台頭と収益性懸念で懸念拡大,CTA_SURGE
4186.T,8089.0,8737.0,7765.0,0.7093,0.725,0.1533,0.1424,1.265,1.308,0.98,0.76,0.87,通常ロット ＋ セクターセンチメント(-0.70 -> 0.79倍) ＋ 地合い危険度SAFE(1.10倍),1.55,0.67,58.5,⏸️ WAIT,🛑 セクターショック警戒回避 [中国AI台頭と収益性懸念で懸念拡大],半導体・ハイテク,-0.7,True,見送り,中国AI台頭と収益性懸念で懸念拡大,CTA_SURGE
7747.T,3271.0,3499.1,3156.9,0.696,0.7186,0.16,0.1443,1.232,1.293,0.95,0.27,0.87,通常ロット ＋ セクターセンチメント(-0.70 -> 0.79倍) ＋ 地合い危険度SAFE(1.10倍),-0.11,0.82,44.8,⏸️ WAIT,🛑 セクターショック警戒回避 [中国AI台頭と収益性懸念で懸念拡大],半導体・ハイテク,-0.7,True,見送り,中国AI台頭と収益性懸念で懸念拡大,CTA_SURGE
6645.T,6112.0,6535.4,5900.3,0.6922,0.7149,0.1658,0.1495,1.219,1.28,0.95,0.44,0.87,通常ロット ＋ セクターセンチメント(-0.70 -> 0.79倍) ＋ 地合い危険度SAFE(1.10倍),1.13,1.14,72.8,⏸️ WAIT,🛑 セクターショック警戒回避 [中国AI台頭と収益性懸念で懸念拡大],半導体・ハイテク,-0.7,True,見送り,中国AI台頭と収益性懸念で懸念拡大,CTA_SURGE
5201.T,5600.0,5853.7,5473.1,0.6902,0.7151,0.1719,0.1536,1.209,1.277,0.94,1.02,0.87,通常ロット ＋ セクターセンチメント(-0.70 -> 0.79倍) ＋ 地合い危険度SAFE(1.10倍),0.83,0.85,57.3,⏸️ WAIT,🛑 セクターショック警戒回避 [中国AI台頭と収益性懸念で懸念拡大],半導体・ハイテク,-0.7,True,見送り,中国AI台頭と収益性懸念で懸念拡大,CTA_SURGE
7729.T,16505.0,17862.1,15826.4,0.6833,0.7064,0.1708,0.154,1.196,1.259,0.95,0.47,0.87,通常ロット ＋ セクターセンチメント(-0.70 -> 0.79倍) ＋ 地合い危険度SAFE(1.10倍),1.75,0.71,38.4,⏸️ WAIT,🛑 セクターショック警戒回避 [中国AI台頭と収益性懸念で懸念拡大],半導体・ハイテク,-0.7,True,見送り,中国AI台頭と収益性懸念で懸念拡大,CTA_SURGE
6723.T,3240.0,3543.9,3088.1,0.6725,0.6873,0.1756,0.1646,1.169,1.21,0.99,0.42,0.87,通常ロット ＋ セクターセンチメント(-0.70 -> 0.79倍) ＋ 地合い危険度SAFE(1.10倍),1.46,0.71,263.7,⏸️ WAIT,🛑 セクターショック警戒回避 [中国AI台頭と収益性懸念で懸念拡大],半導体・ハイテク,-0.7,True,見送り,中国AI台頭と収益性懸念で懸念拡大,CTA_SURGE
6590.T,3730.0,4107.1,3541.4,0.6641,0.6901,0.1805,0.1612,1.148,1.219,0.94,1.12,0.87,通常ロット ＋ セクターセンチメント(-0.70 -> 0.79倍) ＋ 地合い危険度SAFE(1.10倍),1.79,0.66,38.5,⏸️ WAIT,🛑 セクターショック警戒回避 [中国AI台頭と収益性懸念で懸念拡大],半導体・ハイテク,-0.7,True,見送り,中国AI台頭と収益性懸念で懸念拡大,CTA_SURGE
268A.T,1593.0,1759.9,1509.6,0.6609,0.6871,0.1805,0.1613,1.141,1.213,0.94,0.83,0.44,逆張りリバウンド警戒 (前日比-1.5%) ＋ セクターセンチメント(-0.70 -> 0.79倍) ＋ 地合い危険度SAFE(1.10倍),1.66,1.27,29.2,⏸️ WAIT,🛑 セクターショック警戒回避 [中国AI台頭と収益性懸念で懸念拡大],半導体・ハイテク,-0.7,True,見送り,中国AI台頭と収益性懸念で懸念拡大,CTA_SURGE
7735.T,12670.0,13778.6,12115.7,0.6606,0.6823,0.1841,0.1676,1.137,1.197,0.96,0.66,0.87,通常ロット ＋ セクターセンチメント(-0.70 -> 0.79倍) ＋ 地合い危険度SAFE(1.10倍),1.76,1.13,207.6,⏸️ WAIT,🛑 セクターショック警戒回避 [中国AI台頭と収益性懸念で懸念拡大],半導体・ハイテク,-0.7,True,見送り,中国AI台頭と収益性懸念で懸念拡大,CTA_SURGE
6622.T,12350.0,13377.1,11836.4,0.657,0.6744,0.1845,0.1712,1.13,1.178,0.98,1.24,0.87,通常ロット ＋ セクターセンチメント(-0.70 -> 0.79倍) ＋ 地合い危険度SAFE(1.10倍),1.57,0.89,20.1,⏸️ WAIT,🛑 セクターショック警戒回避 [中国AI台頭と収益性懸念で懸念拡大],半導体・ハイテク,-0.7,True,見送り,中国AI台頭と収益性懸念で懸念拡大,CTA_SURGE
7751.T,4449.0,4605.1,4370.9,0.6604,0.7055,0.192,0.1595,1.129,1.251,0.86,0.68,0.87,通常ロット ＋ セクターセンチメント(-0.70 -> 0.79倍) ＋ 地合い危険度SAFE(1.10倍),0.18,0.77,103.6,⏸️ WAIT,🛑 セクターショック警戒回避 [中国AI台頭と収益性懸念で懸念拡大],半導体・ハイテク,-0.7,True,見送り,中国AI台頭と収益性懸念で懸念拡大,CTA_SURGE
7762.T,2286.0,2503.4,2177.3,0.6571,0.6813,0.1871,0.1687,1.127,1.194,0.95,0.26,0.87,通常ロット ＋ セクターセンチメント(-0.70 -> 0.79倍) ＋ 地合い危険度SAFE(1.10倍),0.93,0.7,41.9,⏸️ WAIT,🛑 セクターショック警戒回避 [中国AI台頭と収益性懸念で懸念拡大],半導体・ハイテク,-0.7,True,見送り,中国AI台頭と収益性懸念で懸念拡大,CTA_SURGE
6508.T,10540.0,11607.1,10006.4,0.65,0.6455,0.1838,0.1892,1.116,1.102,1.08,0.67,0.87,通常ロット ＋ セクターセンチメント(-0.70 -> 0.79倍) ＋ 地合い危険度SAFE(1.10倍),1.06,0.58,20.4,⏸️ WAIT,🛑 セクターショック警戒回避 [中国AI台頭と収益性懸念で懸念拡大],半導体・ハイテク,-0.7,True,見送り,中国AI台頭と収益性懸念で懸念拡大,CTA_SURGE
8035.T,51690.0,56295.7,49387.1,0.6522,0.6979,0.1901,0.1579,1.114,1.238,0.86,0.81,0.87,通常ロット ＋ セクターセンチメント(-0.70 -> 0.79倍) ＋ 地合い危険度SAFE(1.10倍),1.71,0.66,1589.4,⏸️ WAIT,🛑 セクターショック警戒回避 [中国AI台頭と収益性懸念で懸念拡大],半導体・ハイテク,-0.7,True,見送り,中国AI台頭と収益性懸念で懸念拡大,CTA_SURGE
6762.T,2872.0,3097.3,2759.4,0.6459,0.6822,0.1948,0.1677,1.097,1.197,0.9,0.67,0.87,通常ロット ＋ セクターセンチメント(-0.70 -> 0.79倍) ＋ 地合い危険度SAFE(1.10倍),1.46,0.79,242.9,⏸️ WAIT,🛑 セクターショック警戒回避 [中国AI台頭と収益性懸念で懸念拡大],半導体・ハイテク,-0.7,True,見送り,中国AI台頭と収益性懸念で懸念拡大,CTA_SURGE
6971.T,3600.0,3787.6,3506.2,0.6433,0.6497,0.1909,0.1863,1.096,1.113,1.03,0.13,0.87,通常ロット ＋ セクターセンチメント(-0.70 -> 0.79倍) ＋ 地合い危険度SAFE(1.10倍),0.79,0.65,168.8,⏸️ WAIT,🛑 セクターショック警戒回避 [中国AI台頭と収益性懸念で懸念拡大],半導体・ハイテク,-0.7,True,見送り,中国AI台頭と収益性懸念で懸念拡大,CTA_SURGE
7276.T,2637.0,2747.7,2581.6,0.6376,0.6743,0.2061,0.1774,1.069,1.171,0.9,5.0,0.52,需給滞留警戒 (消化5.0日) ＋ セクターセンチメント(-0.70 -> 0.79倍) ＋ 地合い危険度SAFE(1.10倍),0.39,0.92,16.4,⏸️ WAIT,🛑 セクターショック警戒回避 [中国AI台頭と収益性懸念で懸念拡大],半導体・ハイテク,-0.7,True,見送り,中国AI台頭と収益性懸念で懸念拡大,CTA_SURGE
6951.T,7119.0,7657.6,6849.7,0.6251,0.6141,0.1949,0.2074,1.055,1.021,1.11,0.44,0.87,通常ロット ＋ セクターセンチメント(-0.70 -> 0.79倍) ＋ 地合い危険度SAFE(1.10倍),1.09,1.06,17.6,⏸️ WAIT,🛑 セクターショック警戒回避 [中国AI台頭と収益性懸念で懸念拡大],半導体・ハイテク,-0.7,True,見送り,中国AI台頭と収益性懸念で懸念拡大,CTA_SURGE
6857.T,30700.0,33977.9,29061.1,0.6265,0.6516,0.2034,0.1834,1.05,1.12,0.95,0.32,0.87,通常ロット ＋ セクターセンチメント(-0.70 -> 0.79倍) ＋ 地合い危険度SAFE(1.10倍),2.03,0.74,2795.2,⏸️ WAIT,🛑 セクターショック警戒回避 [中国AI台頭と収益性懸念で懸念拡大],半導体・ハイテク,-0.7,True,見送り,中国AI台頭と収益性懸念で懸念拡大,CTA_SURGE
6923.T,3504.0,3663.9,3424.1,0.6253,0.641,0.2105,0.1973,1.04,1.085,0.99,0.06,0.87,通常ロット ＋ セクターセンチメント(-0.70 -> 0.79倍) ＋ 地合い危険度SAFE(1.10倍),0.39,0.88,15.7,⏸️ WAIT,🛑 セクターショック警戒回避 [中国AI台頭と収益性懸念で懸念拡大],半導体・ハイテク,-0.7,True,見送り,中国AI台頭と収益性懸念で懸念拡大,CTA_SURGE
6479.T,3459.0,3679.4,3348.8,0.6005,0.6095,0.2189,0.2115,0.982,1.007,1.02,1.15,0.87,通常ロット ＋ セクターセンチメント(-0.70 -> 0.79倍) ＋ 地合い危険度SAFE(1.10倍),1.42,0.67,85.5,⏸️ WAIT,🛑 セクターショック警戒回避 [中国AI台頭と収益性懸念で懸念拡大],半導体・ハイテク,-0.7,True,見送り,中国AI台頭と収益性懸念で懸念拡大,CTA_SURGE
6752.T,4381.0,4717.3,4212.9,0.599,0.5877,0.2174,0.2314,0.981,0.944,1.11,0.25,0.87,通常ロット ＋ セクターセンチメント(-0.70 -> 0.79倍) ＋ 地合い危険度SAFE(1.10倍),1.43,0.96,347.8,⏸️ WAIT,🛑 セクターショック警戒回避 [中国AI台頭と収益性懸念で懸念拡大],半導体・ハイテク,-0.7,True,見送り,中国AI台頭と収益性懸念で懸念拡大,CTA_SURGE
4004.T,14130.0,15923.6,13233.2,0.5908,0.5999,0.223,0.2155,0.959,0.984,1.02,0.52,0.87,通常ロット ＋ セクターセンチメント(-0.70 -> 0.79倍) ＋ 地合い危険度SAFE(1.10倍),1.82,0.57,321.8,⏸️ WAIT,🛑 セクターショック警戒回避 [中国AI台頭と収益性懸念で懸念拡大],半導体・ハイテク,-0.7,True,見送り,中国AI台頭と収益性懸念で懸念拡大,CTA_SURGE
6526.T,1924.0,2082.8,1844.6,0.5932,0.6267,0.2286,0.2005,0.958,1.053,0.92,1.27,0.87,通常ロット ＋ セクターセンチメント(-0.70 -> 0.79倍) ＋ 地合い危険度SAFE(1.10倍),1.46,1.06,103.0,⏸️ WAIT,🛑 セクターショック警戒回避 [中国AI台頭と収益性懸念で懸念拡大],半導体・ハイテク,-0.7,True,見送り,中国AI台頭と収益性懸念で懸念拡大,CTA_SURGE
6941.T,7840.0,8608.6,7455.7,0.59,0.5991,0.2255,0.2178,0.954,0.98,1.02,1.78,0.87,通常ロット ＋ セクターセンチメント(-0.70 -> 0.79倍) ＋ 地合い危険度SAFE(1.10倍),2.0,1.01,18.1,⏸️ WAIT,🛑 セクターショック警戒回避 [中国AI台頭と収益性懸念で懸念拡大],半導体・ハイテク,-0.7,True,見送り,中国AI台頭と収益性懸念で懸念拡大,CTA_SURGE
6952.T,2153.5,2335.8,2062.4,0.591,0.6073,0.2331,0.2185,0.949,0.996,0.99,0.19,0.87,通常ロット ＋ セクターセンチメント(-0.70 -> 0.79倍) ＋ 地合い危険度SAFE(1.10倍),0.59,1.2,37.3,⏸️ WAIT,🛑 セクターショック警戒回避 [中国AI台頭と収益性懸念で懸念拡大],半導体・ハイテク,-0.7,True,見送り,中国AI台頭と収益性懸念で懸念拡大,CTA_SURGE
6376.T,3400.0,3743.6,3228.2,0.5885,0.6273,0.2293,0.1974,0.948,1.057,0.9,6.0,0.52,需給滞留警戒 (消化6.0日) ＋ セクターセンチメント(-0.70 -> 0.79倍) ＋ 地合い危険度SAFE(1.10倍),0.83,0.7,15.4,⏸️ WAIT,🛑 セクターショック警戒回避 [中国AI台頭と収益性懸念で懸念拡大],半導体・ハイテク,-0.7,True,見送り,中国AI台頭と収益性懸念で懸念拡大,CTA_SURGE
6966.T,872.0,951.4,832.3,0.5793,0.6291,0.2371,0.1969,0.922,1.061,0.86,1.08,0.87,通常ロット ＋ セクターセンチメント(-0.70 -> 0.79倍) ＋ 地合い危険度SAFE(1.10倍),1.41,0.26,66.5,⏸️ WAIT,🛑 セクターショック警戒回避 [中国AI台頭と収益性懸念で懸念拡大],半導体・ハイテク,-0.7,True,見送り,中国AI台頭と収益性懸念で懸念拡大,CTA_SURGE
6703.T,2747.0,2954.7,2643.1,0.5728,0.6017,0.2494,0.2228,0.896,0.981,0.94,2.34,0.87,通常ロット ＋ セクターセンチメント(-0.70 -> 0.79倍) ＋ 地合い危険度SAFE(1.10倍),0.97,1.21,14.5,⏸️ WAIT,🛑 セクターショック警戒回避 [中国AI台頭と収益性懸念で懸念拡大],半導体・ハイテク,-0.7,True,見送り,中国AI台頭と収益性懸念で懸念拡大,CTA_SURGE
6814.T,7150.0,7708.6,6870.7,0.5587,0.6093,0.2541,0.2111,0.863,1.008,0.86,2.22,0.87,通常ロット ＋ セクターセンチメント(-0.70 -> 0.79倍) ＋ 地合い危険度SAFE(1.10倍),0.73,0.73,14.8,⏸️ WAIT,🛑 セクターショック警戒回避 [中国AI台頭と収益性懸念で懸念拡大],半導体・ハイテク,-0.7,True,見送り,中国AI台頭と収益性懸念で懸念拡大,CTA_SURGE
6501.T,5372.0,5671.3,5222.4,0.5445,0.5515,0.2551,0.2491,0.834,0.854,1.03,0.5,0.87,通常ロット ＋ セクターセンチメント(-0.70 -> 0.79倍) ＋ 地合い危険度SAFE(1.10倍),0.29,0.88,442.7,⏸️ WAIT,🛑 セクターショック警戒回避 [中国AI台頭と収益性懸念で懸念拡大],半導体・ハイテク,-0.7,True,見送り,中国AI台頭と収益性懸念で懸念拡大,CTA_SURGE
6632.T,1000.0,1047.5,976.2,0.544,0.5735,0.2607,0.2329,0.827,0.914,0.94,1.34,0.87,通常ロット ＋ セクターセンチメント(-0.70 -> 0.79倍) ＋ 地合い危険度SAFE(1.10倍),0.31,0.91,13.4,⏸️ WAIT,🛑 セクターショック警戒回避 [中国AI台頭と収益性懸念で懸念拡大],半導体・ハイテク,-0.7,True,見送り,中国AI台頭と収益性懸念で懸念拡大,CTA_SURGE
6724.T,3165.0,3347.8,3073.6,0.5364,0.5532,0.274,0.2569,0.799,0.85,0.99,0.08,0.87,通常ロット ＋ セクターセンチメント(-0.70 -> 0.79倍) ＋ 地合い危険度SAFE(1.10倍),0.73,0.86,42.8,⏸️ WAIT,🛑 セクターショック警戒回避 [中国AI台頭と収益性懸念で懸念拡大],半導体・ハイテク,-0.7,True,見送り,中国AI台頭と収益性懸念で懸念拡大,CTA_SURGE
4062.T,18950.0,21635.0,17607.5,0.5265,0.5433,0.2754,0.2583,0.778,0.828,0.99,0.25,0.87,通常ロット ＋ セクターセンチメント(-0.70 -> 0.79倍) ＋ 地合い危険度SAFE(1.10倍),3.02,0.84,1521.4,⏸️ WAIT,🛑 セクターショック警戒回避 [中国AI台頭と収益性懸念で懸念拡大],半導体・ハイテク,-0.7,True,見送り,中国AI台頭と収益性懸念で懸念拡大,CTA_SURGE
6996.T,2656.0,2929.4,2519.3,0.5249,0.5393,0.2735,0.259,0.776,0.82,1.0,0.75,0.87,通常ロット ＋ セクターセンチメント(-0.70 -> 0.79倍) ＋ 地合い危険度SAFE(1.10倍),1.68,0.78,16.8,⏸️ WAIT,🛑 セクターショック警戒回避 [中国AI台頭と収益性懸念で懸念拡大],半導体・ハイテク,-0.7,True,見送り,中国AI台頭と収益性懸念で懸念拡大,CTA_SURGE
6592.T,1698.5,1775.0,1660.2,0.524,0.5511,0.2841,0.2562,0.764,0.846,0.95,0.3,0.87,通常ロット ＋ セクターセンチメント(-0.70 -> 0.79倍) ＋ 地合い危険度SAFE(1.10倍),0.32,0.87,16.2,⏸️ WAIT,🛑 セクターショック警戒回避 [中国AI台頭と収益性懸念で懸念拡大],半導体・ハイテク,-0.7,True,見送り,中国AI台頭と収益性懸念で懸念拡大,CTA_SURGE
6507.T,11980.0,13117.1,11411.4,0.5123,0.5421,0.2855,0.2551,0.739,0.829,0.94,0.72,0.87,通常ロット ＋ セクターセンチメント(-0.70 -> 0.79倍) ＋ 地合い危険度SAFE(1.10倍),1.22,0.88,19.0,⏸️ WAIT,🛑 セクターショック警戒回避 [中国AI台頭と収益性懸念で懸念拡大],半導体・ハイテク,-0.7,True,見送り,中国AI台頭と収益性懸念で懸念拡大,CTA_SURGE
6963.T,4577.0,5079.3,4325.9,0.5083,0.5354,0.2943,0.2655,0.722,0.805,0.95,0.32,0.87,通常ロット ＋ セクターセンチメント(-0.70 -> 0.79倍) ＋ 地合い危険度SAFE(1.10倍),1.97,0.8,144.0,⏸️ WAIT,🛑 セクターショック警戒回避 [中国AI台頭と収益性懸念で懸念拡大],半導体・ハイテク,-0.7,True,見送り,中国AI台頭と収益性懸念で懸念拡大,CTA_SURGE
7733.T,1985.0,2080.9,1937.0,0.4994,0.5266,0.2878,0.2595,0.711,0.794,0.95,0.18,0.87,通常ロット ＋ セクターセンチメント(-0.70 -> 0.79倍) ＋ 地合い危険度SAFE(1.10倍),-0.06,0.61,72.2,⏸️ WAIT,🛑 セクターショック警戒回避 [中国AI台頭と収益性懸念で懸念拡大],半導体・ハイテク,-0.7,True,見送り,中国AI台頭と収益性懸念で懸念拡大,CTA_SURGE
8050.T,9520.0,10815.7,8872.1,0.4939,0.5211,0.2916,0.263,0.696,0.779,0.95,0.23,0.87,通常ロット ＋ セクターセンチメント(-0.70 -> 0.79倍) ＋ 地合い危険度SAFE(1.10倍),1.29,0.59,59.1,⏸️ WAIT,🛑 セクターショック警戒回避 [中国AI台頭と収益性懸念で懸念拡大],半導体・ハイテク,-0.7,True,見送り,中国AI台頭と収益性懸念で懸念拡大,CTA_SURGE
6627.T,10610.0,11927.1,9951.4,0.4904,0.5202,0.2988,0.267,0.682,0.773,0.94,2.81,0.87,通常ロット ＋ セクターセンチメント(-0.70 -> 0.79倍) ＋ 地合い危険度SAFE(1.10倍),2.19,0.99,10.6,⏸️ WAIT,🛑 セクターショック警戒回避 [中国AI台頭と収益性懸念で懸念拡大],半導体・ハイテク,-0.7,True,見送り,中国AI台頭と収益性懸念で懸念拡大,CTA_SURGE
6871.T,12860.0,14501.4,12039.3,0.4827,0.4921,0.2999,0.2898,0.665,0.694,1.02,0.55,0.87,通常ロット ＋ セクターセンチメント(-0.70 -> 0.79倍) ＋ 地合い危険度SAFE(1.10倍),2.04,0.86,171.0,⏸️ WAIT,🛑 セクターショック警戒回避 [中国AI台頭と収益性懸念で懸念拡大],半導体・ハイテク,-0.7,True,見送り,中国AI台頭と収益性懸念で懸念拡大,CTA_SURGE
6920.T,35750.0,39425.7,33912.1,0.4795,0.4747,0.2992,0.3079,0.66,0.641,1.08,0.57,0.87,通常ロット ＋ セクターセンチメント(-0.70 -> 0.79倍) ＋ 地合い危険度SAFE(1.10倍),2.0,0.79,1100.1,⏸️ WAIT,🛑 セクターショック警戒回避 [中国AI台頭と収益性懸念で懸念拡大],半導体・ハイテク,-0.7,True,見送り,中国AI台頭と収益性懸念で懸念拡大,CTA_SURGE
6855.T,6610.0,7285.7,6272.1,0.482,0.4914,0.31,0.2996,0.654,0.683,1.02,2.07,0.87,通常ロット ＋ セクターセンチメント(-0.70 -> 0.79倍) ＋ 地合い危険度SAFE(1.10倍),2.29,0.77,27.9,⏸️ WAIT,🛑 セクターショック警戒回避 [中国AI台頭と収益性懸念で懸念拡大],半導体・ハイテク,-0.7,True,見送り,中国AI台頭と収益性懸念で懸念拡大,CTA_SURGE
8410.T,343.1,355.1,337.1,0.4686,0.425,0.2925,0.3561,0.645,0.494,1.13,0.84,0.66,逆張りリバウンド警戒 (前日比-0.4%) ＋ セクターセンチメント(+0.70 -> 1.21倍) ＋ 地合い危険度SAFE(1.10倍),-0.0,0.65,13.4,⏸️ WAIT,見送り,銀行・金融,0.7,False,通常,日銀引き締め加速観測で利ざや改善期待,CTA_SURGE
6890.T,9100.0,10080.0,8610.0,0.4761,0.4856,0.3136,0.303,0.639,0.668,1.02,2.62,0.87,通常ロット ＋ セクターセンチメント(-0.70 -> 0.79倍) ＋ 地合い危険度SAFE(1.10倍),1.89,0.64,70.8,⏸️ WAIT,🛑 セクターショック警戒回避 [中国AI台頭と収益性懸念で懸念拡大],半導体・ハイテク,-0.7,True,見送り,中国AI台頭と収益性懸念で懸念拡大,CTA_SURGE
6976.T,9364.0,10549.3,8771.4,0.4719,0.4888,0.3154,0.2958,0.628,0.682,0.99,0.15,0.87,通常ロット ＋ セクターセンチメント(-0.70 -> 0.79倍) ＋ 地合い危険度SAFE(1.10倍),2.67,0.93,2843.2,⏸️ WAIT,🛑 セクターショック警戒回避 [中国AI台頭と収益性懸念で懸念拡大],半導体・ハイテク,-0.7,True,見送り,中国AI台頭と収益性懸念で懸念拡大,CTA_SURGE
7267.T,1684.5,1769.2,1642.1,0.467,0.4637,0.3096,0.3142,0.624,0.613,1.03,0.43,1.03,通常ロット ＋ セクターセンチメント(-0.20 -> 0.94倍) ＋ 地合い危険度SAFE(1.10倍),0.18,0.92,171.7,⏸️ WAIT,見送り,自動車・輸出,-0.2,False,打診30%抑制,米国の対中圧力が米墨供給網へ影響,CTA_SURGE
6997.T,2850.0,3228.9,2660.6,0.4705,0.5004,0.3185,0.2845,0.622,0.716,0.94,1.36,0.87,通常ロット ＋ セクターセンチメント(-0.70 -> 0.79倍) ＋ 地合い危険度SAFE(1.10倍),2.55,0.61,24.4,⏸️ WAIT,🛑 セクターショック警戒回避 [中国AI台頭と収益性懸念で懸念拡大],半導体・ハイテク,-0.7,True,見送り,中国AI台頭と収益性懸念で懸念拡大,CTA_SURGE
5857.T,3660.0,3983.6,3498.2,0.4685,0.4839,0.3171,0.2992,0.62,0.669,0.94,1.64,1.1,通常ロット ＋ 地合い危険度SAFE(1.10倍),0.62,1.09,14.5,⏸️ WAIT,見送り,,0.0,False,通常,,CTA_SURGE
2871.T,2203.0,2280.6,2164.2,0.4636,0.4562,0.3154,0.3251,0.612,0.587,1.03,0.11,1.1,通常ロット ＋ 地合い危険度SAFE(1.10倍),-0.43,0.61,26.7,⏸️ WAIT,見送り,食料品・ディフェンシブ,0.0,False,通常,値上げ材料は織り込み済みで中立,CTA_SURGE
3088.T,2496.5,2612.6,2438.4,0.466,0.4686,0.3222,0.319,0.61,0.618,0.99,0.12,0.55,逆張りリバウンド警戒 (前日比-1.5%) ＋ 地合い危険度SAFE(1.10倍),-0.31,1.01,45.8,⏸️ WAIT,見送り,小売・消費・インバウンド,0.0,False,通常,新規材料なし、中立を維持,CTA_SURGE
8876.T,2167.0,2266.6,2117.2,0.4609,0.4351,0.3146,0.3535,0.607,0.517,1.11,0.08,0.55,逆張りリバウンド警戒 (前日比-0.8%) ＋ 地合い危険度SAFE(1.10倍),-0.12,0.94,11.7,⏸️ WAIT,見送り,,0.0,False,通常,,CTA_SURGE
2579.T,3848.0,4011.4,3766.3,0.4609,0.4634,0.3264,0.3231,0.595,0.604,0.99,0.3,1.1,通常ロット ＋ 地合い危険度SAFE(1.10倍),-0.28,1.1,28.5,⏸️ WAIT,見送り,食料品・ディフェンシブ,0.0,False,通常,値上げ材料は織り込み済みで中立,CTA_SURGE
7270.T,2625.5,2745.3,2565.6,0.4601,0.4769,0.3277,0.3071,0.593,0.647,0.95,0.48,0.52,逆張りリバウンド警戒 (前日比-0.1%) ＋ セクターセンチメント(-0.20 -> 0.94倍) ＋ 地合い危険度SAFE(1.10倍),0.02,0.65,84.2,⏸️ WAIT,見送り,自動車・輸出,-0.2,False,打診30%抑制,米国の対中圧力が米墨供給網へ影響,CTA_SURGE
2897.T,2949.0,3065.9,2890.5,0.4566,0.459,0.3303,0.327,0.583,0.591,0.99,0.32,0.55,逆張りリバウンド警戒 (前日比-1.6%) ＋ 地合い危険度SAFE(1.10倍),-0.42,1.17,37.9,⏸️ WAIT,見送り,食料品・ディフェンシブ,0.0,False,通常,値上げ材料は織り込み済みで中立,CTA_SURGE
6758.T,3719.0,3917.4,3619.8,0.4581,0.5101,0.3335,0.277,0.583,0.743,0.86,0.62,0.44,逆張りリバウンド警戒 (前日比-0.2%) ＋ セクターセンチメント(-0.70 -> 0.79倍) ＋ 地合い危険度SAFE(1.10倍),-0.03,0.74,454.4,⏸️ WAIT,🛑 セクターショック警戒回避 [中国AI台頭と収益性懸念で懸念拡大],半導体・ハイテク,-0.7,True,見送り,中国AI台頭と収益性懸念で懸念拡大,CTA_SURGE
6473.T,2051.0,2199.6,1976.7,0.4557,0.4625,0.3296,0.3216,0.582,0.603,0.95,0.27,1.2,通常ロット ＋ セクターセンチメント(+0.30 -> 1.09倍) ＋ 地合い危険度SAFE(1.10倍),0.71,1.14,25.3,⏸️ WAIT,見送り,防衛・重工,0.3,False,通常,防衛費概算要求や無人機需要が追い風,CTA_SURGE
5713.T,9700.0,10762.1,9168.9,0.4536,0.4912,0.3304,0.2898,0.577,0.693,0.86,0.8,1.1,通常ロット ＋ 地合い危険度SAFE(1.10倍),1.33,0.85,209.1,⏸️ WAIT,見送り,,0.0,False,通常,,CTA_SURGE
5831.T,3491.0,3678.7,3397.1,0.4541,0.4532,0.3321,0.335,0.576,0.571,0.95,0.38,0.66,逆張りリバウンド警戒 (前日比-0.6%) ＋ セクターセンチメント(+0.70 -> 1.21倍) ＋ 地合い危険度SAFE(1.10倍),0.37,0.83,61.9,⏸️ WAIT,見送り,銀行・金融,0.7,False,通常,日銀引き締め加速観測で利ざや改善期待,CTA_SURGE
7003.T,4145.0,4512.3,3961.4,0.4556,0.4651,0.3373,0.326,0.574,0.604,0.94,2.13,0.61,逆張りリバウンド警戒 (前日比-0.6%) ＋ セクターセンチメント(+0.30 -> 1.09倍) ＋ 地合い危険度SAFE(1.10倍),0.83,1.0,75.0,⏸️ WAIT,見送り,防衛・重工,0.3,False,通常,防衛費概算要求や無人機需要が追い風,CTA_SURGE
6674.T,5456.0,5850.1,5258.9,0.4486,0.458,0.3297,0.3186,0.568,0.597,1.02,0.78,0.87,通常ロット ＋ セクターセンチメント(-0.70 -> 0.79倍) ＋ 地合い危険度SAFE(1.10倍),1.09,1.35,46.1,⏸️ WAIT,🛑 セクターショック警戒回避 [中国AI台頭と収益性懸念で懸念拡大],半導体・ハイテク,-0.7,True,見送り,中国AI台頭と収益性懸念で懸念拡大,CTA_SURGE
6981.T,7633.0,8469.0,7215.0,0.4502,0.4572,0.3343,0.3264,0.566,0.588,1.03,0.41,0.87,通常ロット ＋ セクターセンチメント(-0.70 -> 0.79倍) ＋ 地合い危険度SAFE(1.10倍),2.56,0.95,1600.7,⏸️ WAIT,🛑 セクターショック警戒回避 [中国AI台頭と収益性懸念で懸念拡大],半導体・ハイテク,-0.7,True,見送り,中国AI台頭と収益性懸念で懸念拡大,CTA_SURGE
8308.T,2447.5,2599.3,2371.6,0.4461,0.4162,0.3281,0.3738,0.564,0.459,1.07,0.28,0.66,逆張りリバウンド警戒 (前日比-0.6%) ＋ セクターセンチメント(+0.70 -> 1.21倍) ＋ 地合い危険度SAFE(1.10倍),0.44,0.73,246.8,⏸️ WAIT,見送り,銀行・金融,0.7,False,通常,日銀引き締め加速観測で利ざや改善期待,CTA_SURGE
8359.T,2696.5,2844.1,2622.7,0.4466,0.4357,0.3298,0.3459,0.563,0.525,0.99,0.4,0.66,逆張りリバウンド警戒 (前日比-0.4%) ＋ セクターセンチメント(+0.70 -> 1.21倍) ＋ 地合い危険度SAFE(1.10倍),0.43,0.88,29.2,⏸️ WAIT,見送り,銀行・金融,0.7,False,通常,日銀引き締め加速観測で利ざや改善期待,CTA_SURGE
3107.T,3745.0,3907.6,3663.7,0.4436,0.4123,0.3266,0.376,0.561,0.449,1.11,0.1,1.2,通常ロット ＋ セクターセンチメント(+0.30 -> 1.09倍) ＋ 地合い危険度SAFE(1.10倍),0.21,1.49,17.7,⏸️ WAIT,見送り,総合商社・資源,0.3,False,通常,原油高やインフレ警戒で資金流入持続,CTA_SURGE
5901.T,4571.0,4716.1,4498.4,0.4443,0.4187,0.328,0.3685,0.561,0.469,1.11,0.16,1.1,通常ロット ＋ 地合い危険度SAFE(1.10倍),0.11,0.77,14.6,⏸️ WAIT,見送り,,0.0,False,通常,,CTA_SURGE
2002.T,2055.5,2124.9,2020.8,0.4469,0.4302,0.3333,0.3584,0.56,0.502,1.07,0.11,0.55,逆張りリバウンド警戒 (前日比-0.1%) ＋ 地合い危険度SAFE(1.10倍),-0.3,0.61,17.2,⏸️ WAIT,見送り,食料品・ディフェンシブ,0.0,False,通常,値上げ材料は織り込み済みで中立,CTA_SURGE
8015.T,7386.0,7888.0,7135.0,0.4406,0.4094,0.3258,0.3751,0.555,0.444,1.11,0.22,1.2,通常ロット ＋ セクターセンチメント(+0.30 -> 1.09倍) ＋ 地合い危険度SAFE(1.10倍),0.56,0.78,165.4,⏸️ WAIT,見送り,総合商社・資源,0.3,False,通常,原油高やインフレ警戒で資金流入持続,CTA_SURGE
1878.T,3346.0,3458.1,3289.9,0.4506,0.4659,0.3481,0.3284,0.553,0.603,0.94,0.74,1.1,通常ロット ＋ 地合い危険度SAFE(1.10倍),-0.27,0.92,41.2,⏸️ WAIT,見送り,,0.0,False,通常,,CTA_SURGE
8060.T,3701.0,3864.1,3619.4,0.4379,0.4067,0.327,0.3765,0.549,0.437,1.11,0.14,1.2,通常ロット ＋ セクターセンチメント(+0.30 -> 1.09倍) ＋ 地合い危険度SAFE(1.10倍),0.09,0.55,10.9,⏸️ WAIT,見送り,総合商社・資源,0.3,False,通常,原油高やインフレ警戒で資金流入持続,CTA_SURGE
6055.T,2148.0,2355.3,2044.4,0.4476,0.4851,0.3471,0.3045,0.548,0.666,0.86,1.0,1.1,通常ロット ＋ 地合い危険度SAFE(1.10倍),1.45,0.8,12.4,⏸️ WAIT,見送り,,0.0,False,通常,,CTA_SURGE
2702.T,7970.0,8248.6,7830.7,0.4458,0.4585,0.3479,0.3314,0.544,0.586,0.95,0.44,0.55,逆張りリバウンド警戒 (前日比-1.5%) ＋ 地合い危険度SAFE(1.10倍),-0.18,1.03,34.9,⏸️ WAIT,見送り,小売・消費・インバウンド,0.0,False,通常,新規材料なし、中立を維持,CTA_SURGE
3397.T,4400.0,4567.4,4316.3,0.4368,0.4113,0.333,0.3742,0.541,0.448,1.11,0.35,1.1,通常ロット ＋ 地合い危険度SAFE(1.10倍),-0.3,0.93,14.3,⏸️ WAIT,見送り,小売・消費・インバウンド,0.0,False,通常,新規材料なし、中立を維持,CTA_SURGE
1515.T,3385.0,3860.7,3147.1,0.4367,0.4261,0.3338,0.3489,0.54,0.503,1.02,1.73,1.2,通常ロット ＋ セクターセンチメント(+0.30 -> 1.09倍) ＋ 地合い危険度SAFE(1.10倍),1.45,0.82,17.8,⏸️ WAIT,見送り,総合商社・資源,0.3,False,通常,原油高やインフレ警戒で資金流入持続,CTA_SURGE
9502.T,2931.0,3130.3,2831.4,0.4387,0.4145,0.3448,0.383,0.533,0.446,1.07,0.16,1.23,通常ロット ＋ セクターセンチメント(+0.40 -> 1.12倍) ＋ 地合い危険度SAFE(1.10倍),0.56,0.6,106.2,⏸️ WAIT,見送り,電力・エネルギー,0.4,False,通常,AI電力需要拡大と原発関連買いが底入れ,CTA_SURGE
4716.T,9150.0,9621.7,8914.1,0.4361,0.4567,0.3409,0.3156,0.531,0.598,0.92,1.15,0.55,逆張りリバウンド警戒 (前日比-0.9%) ＋ 地合い危険度SAFE(1.10倍),0.04,0.74,21.0,⏸️ WAIT,見送り,,0.0,False,通常,,CTA_SURGE
5076.T,2860.0,2996.3,2791.9,0.4384,0.4409,0.3474,0.344,0.529,0.538,0.99,0.0,1.1,通常ロット ＋ 地合い危険度SAFE(1.10倍),0.4,0.94,44.3,⏸️ WAIT,見送り,,0.0,False,通常,,CTA_SURGE
7182.T,3258.0,3445.1,3164.4,0.4371,0.4363,0.3447,0.3478,0.529,0.525,0.95,0.33,0.66,逆張りリバウンド警戒 (前日比-0.1%) ＋ セクターセンチメント(+0.70 -> 1.21倍) ＋ 地合い危険度SAFE(1.10倍),0.35,0.71,167.3,⏸️ WAIT,見送り,銀行・金融,0.7,False,通常,日銀引き締め加速観測で利ざや改善期待,CTA_SURGE
9766.T,20675.0,21937.9,20043.6,0.4303,0.4327,0.3327,0.3294,0.528,0.536,0.99,0.14,0.55,逆張りリバウンド警戒 (前日比-2.9%) ＋ 地合い危険度SAFE(1.10倍),-0.35,0.87,100.5,⏸️ WAIT,見送り,,0.0,False,通常,,CTA_SURGE
9064.T,1986.0,2060.6,1948.7,0.4347,0.4255,0.3467,0.3603,0.523,0.491,1.03,0.18,1.13,通常ロット ＋ セクターセンチメント(+0.10 -> 1.03倍) ＋ 地合い危険度SAFE(1.10倍),-0.05,0.64,19.1,⏸️ WAIT,見送り,海運・物流,0.1,False,通常,運賃高騰材料は織り込みが進む,CTA_SURGE
7337.T,2373.5,2483.1,2318.7,0.436,0.4378,0.35,0.3498,0.522,0.526,0.94,1.26,1.33,通常ロット ＋ セクターセンチメント(+0.70 -> 1.21倍) ＋ 地合い危険度SAFE(1.10倍),0.27,0.93,12.7,⏸️ WAIT,見送り,銀行・金融,0.7,False,通常,日銀引き締め加速観測で利ざや改善期待,CTA_SURGE
8136.T,1191.0,1279.1,1146.9,0.4338,0.4652,0.346,0.3109,0.522,0.62,0.86,1.03,0.61,逆張りリバウンド警戒 (前日比-2.4%) ＋ セクターセンチメント(+0.30 -> 1.09倍) ＋ 地合い危険度SAFE(1.10倍),-0.2,1.09,217.0,⏸️ WAIT,見送り,総合商社・資源,0.3,False,通常,原油高やインフレ警戒で資金流入持続,CTA_SURGE
3092.T,1145.5,1191.3,1122.6,0.4342,0.4367,0.3523,0.3489,0.516,0.525,0.99,0.22,0.55,逆張りリバウンド警戒 (前日比-0.9%) ＋ 地合い危険度SAFE(1.10倍),-0.18,0.81,29.7,⏸️ WAIT,見送り,小売・消費・インバウンド,0.0,False,通常,新規材料なし、中立を維持,CTA_SURGE
6525.T,8512.0,9641.3,7947.4,0.4317,0.4586,0.3576,0.3225,0.506,0.595,0.95,0.36,0.87,通常ロット ＋ セクターセンチメント(-0.70 -> 0.79倍) ＋ 地合い危険度SAFE(1.10倍),2.27,1.16,676.5,⏸️ WAIT,🛑 セクターショック警戒回避 [中国AI台頭と収益性懸念で懸念拡大],半導体・ハイテク,-0.7,True,見送り,中国AI台頭と収益性懸念で懸念拡大,CTA_SURGE
6770.T,2243.5,2385.1,2172.7,0.4245,0.4131,0.3452,0.3673,0.504,0.459,1.11,0.08,0.87,通常ロット ＋ セクターセンチメント(-0.70 -> 0.79倍) ＋ 地合い危険度SAFE(1.10倍),0.65,0.77,33.5,⏸️ WAIT,🛑 セクターショック警戒回避 [中国AI台頭と収益性懸念で懸念拡大],半導体・ハイテク,-0.7,True,見送り,中国AI台頭と収益性懸念で懸念拡大,CTA_SURGE
8411.T,8566.0,9051.7,8323.1,0.4313,0.4439,0.3594,0.3461,0.503,0.542,0.9,0.83,1.33,通常ロット ＋ セクターセンチメント(+0.70 -> 1.21倍) ＋ 地合い危険度SAFE(1.10倍),0.6,0.81,715.6,⏸️ WAIT,見送り,銀行・金融,0.7,False,通常,日銀引き締め加速観測で利ざや改善期待,CTA_SURGE
3778.T,3520.0,3916.4,3321.8,0.4272611737251282,0.4273,0.3524627685546875,0.3525,0.502,0.502,1.0,1.99,0.55,逆張りリバウンド警戒 (前日比-1.7%) ＋ 地合い危険度SAFE(1.10倍),0.86,0.67,24.7,⏸️ WAIT,見送り,,0.0,False,通常,,CTA_SURGE
7167.T,1680.5,1768.8,1636.4,0.4273,0.4069,0.3523,0.3848,0.502,0.429,1.03,0.23,1.33,通常ロット ＋ セクターセンチメント(+0.70 -> 1.21倍) ＋ 地合い危険度SAFE(1.10倍),0.23,0.96,48.6,⏸️ WAIT,見送り,銀行・金融,0.7,False,通常,日銀引き締め加速観測で利ざや改善期待,CTA_SURGE
7974.T,8126.0,8663.6,7857.2,0.4266,0.4638,0.3507,0.3076,0.502,0.62,0.86,1.01,1.1,通常ロット ＋ 地合い危険度SAFE(1.10倍),-0.17,0.49,757.6,⏸️ WAIT,見送り,,0.0,False,通常,,CTA_SURGE
5411.T,1857.0,1947.6,1811.7,0.4302041530609131,0.4302,0.3610953390598297,0.3611,0.499,0.499,1.0,1.21,1.1,通常ロット ＋ 地合い危険度SAFE(1.10倍),0.15,0.93,74.3,⏸️ WAIT,見送り,,0.0,False,通常,,CTA_SURGE
3635.T,1672.0,1748.1,1634.0,0.4224,0.4273,0.3514,0.3445,0.493,0.51,0.98,1.24,0.55,逆張りリバウンド警戒 (前日比-0.7%) ＋ 地合い危険度SAFE(1.10倍),-0.15,0.91,12.3,⏸️ WAIT,見送り,,0.0,False,通常,,CTA_SURGE
4203.T,7961.0,8570.0,7656.5,0.4123,0.3873,0.336,0.3775,0.489,0.397,1.11,0.24,1.1,通常ロット ＋ 地合い危険度SAFE(1.10倍),1.05,0.83,66.0,⏸️ WAIT,見送り,,0.0,False,通常,,CTA_SURGE
7550.T,10980.0,11723.6,10608.2,0.4172,0.4101,0.3467,0.3574,0.488,0.463,1.03,0.0,0.55,逆張りリバウンド警戒 (前日比-3.2%) ＋ 地合い危険度SAFE(1.10倍),-0.17,1.27,54.8,⏸️ WAIT,見送り,小売・消費・インバウンド,0.0,False,通常,新規材料なし、中立を維持,CTA_SURGE
2269.T,4290.0,4465.0,4202.5,0.4154,0.3903,0.3474,0.3903,0.483,0.39,1.11,0.08,1.1,通常ロット ＋ 地合い危険度SAFE(1.10倍),-0.34,0.91,38.0,⏸️ WAIT,見送り,食料品・ディフェンシブ,0.0,False,通常,値上げ材料は織り込み済みで中立,CTA_SURGE
9023.T,1532.0,1576.4,1509.8,0.4177,0.3973,0.3575,0.3918,0.478,0.403,1.08,1.02,0.57,逆張りリバウンド警戒 (前日比-0.5%) ＋ セクターセンチメント(+0.10 -> 1.03倍) ＋ 地合い危険度SAFE(1.10倍),-0.3,0.79,24.1,⏸️ WAIT,見送り,海運・物流,0.1,False,通常,運賃高騰材料は織り込みが進む,CTA_SURGE
4507.T,2892.0,3009.3,2833.4,0.4182,0.411,0.3639,0.3752,0.473,0.447,1.03,0.26,1.1,通常ロット ＋ 地合い危険度SAFE(1.10倍),-0.22,0.92,73.3,⏸️ WAIT,見送り,,0.0,False,通常,,CTA_SURGE
1963.T,2328.5,2489.6,2248.0,0.4187,0.4139,0.3665,0.374,0.471,0.454,1.02,0.87,1.1,通常ロット ＋ 地合い危険度SAFE(1.10倍),0.5,0.97,35.5,⏸️ WAIT,見送り,,0.0,False,通常,,CTA_SURGE
7752.T,1657.0,1736.0,1617.5,0.4206,0.4474,0.3703,0.334,0.471,0.561,0.95,0.15,0.87,通常ロット ＋ セクターセンチメント(-0.70 -> 0.79倍) ＋ 地合い危険度SAFE(1.10倍),0.3,0.98,29.0,⏸️ WAIT,🛑 セクターショック警戒回避 [中国AI台頭と収益性懸念で懸念拡大],半導体・ハイテク,-0.7,True,見送り,中国AI台頭と収益性懸念で懸念拡大,CTA_SURGE
9008.T,798.9,824.6,786.0,0.4216,0.4349,0.3737,0.3553,0.469,0.514,0.94,1.08,0.57,逆張りリバウンド警戒 (前日比-0.6%) ＋ セクターセンチメント(+0.10 -> 1.03倍) ＋ 地合い危険度SAFE(1.10倍),-0.21,1.07,14.9,⏸️ WAIT,見送り,海運・物流,0.1,False,通常,運賃高騰材料は織り込みが進む,CTA_SURGE
5471.T,2415.0,2603.0,2321.0,0.4174,0.4223,0.3702,0.3629,0.465,0.482,0.98,0.64,1.1,通常ロット ＋ 地合い危険度SAFE(1.10倍),1.24,0.99,20.3,⏸️ WAIT,見送り,,0.0,False,通常,,CTA_SURGE
1980.T,2838.0,3019.3,2747.4,0.4222,0.4373,0.3807,0.3591,0.464,0.516,0.94,1.22,1.1,通常ロット ＋ 地合い危険度SAFE(1.10倍),0.84,0.83,13.5,⏸️ WAIT,見送り,,0.0,False,通常,,CTA_SURGE
8002.T,4988.0,5293.1,4835.4,0.4138,0.4231,0.377,0.3644,0.451,0.482,0.94,0.59,1.2,通常ロット ＋ セクターセンチメント(+0.30 -> 1.09倍) ＋ 地合い危険度SAFE(1.10倍),0.23,0.85,236.2,⏸️ WAIT,見送り,総合商社・資源,0.3,False,通常,原油高やインフレ警戒で資金流入持続,CTA_SURGE
4967.T,5797.0,5992.9,5699.1,0.4111,0.4135,0.3736,0.3699,0.449,0.457,0.99,0.49,0.55,逆張りリバウンド警戒 (前日比-0.3%) ＋ 地合い危険度SAFE(1.10倍),-0.15,0.79,11.0,⏸️ WAIT,見送り,,0.0,False,通常,,CTA_SURGE
3105.T,2374.5,2565.4,2279.1,0.4067,0.4135,0.3659,0.3572,0.448,0.47,1.03,0.41,0.87,通常ロット ＋ セクターセンチメント(-0.70 -> 0.79倍) ＋ 地合い危険度SAFE(1.10倍),0.82,1.43,17.4,⏸️ WAIT,🛑 セクターショック警戒回避 [中国AI台頭と収益性懸念で懸念拡大],半導体・ハイテク,-0.7,True,見送り,中国AI台頭と収益性懸念で懸念拡大,CTA_SURGE
7013.T,2779.5,3030.9,2653.8,0.4006,0.3902,0.353,0.3691,0.448,0.411,1.02,1.24,1.2,通常ロット ＋ セクターセンチメント(+0.30 -> 1.09倍) ＋ 地合い危険度SAFE(1.10倍),0.6,0.77,353.8,⏸️ WAIT,見送り,防衛・重工,0.3,False,通常,防衛費概算要求や無人機需要が追い風,CTA_SURGE
9468.T,3636.0,3804.6,3551.7,0.409,0.4019,0.3711,0.3826,0.447,0.421,1.03,0.2,0.55,逆張りリバウンド警戒 (前日比-1.6%) ＋ 地合い危険度SAFE(1.10倍),-0.16,1.1,10.4,⏸️ WAIT,見送り,,0.0,False,通常,,CTA_SURGE
8750.T,1895.0,1985.3,1849.9,0.4014,0.3814,0.3645,0.3981,0.438,0.365,1.03,0.38,1.33,通常ロット ＋ セクターセンチメント(+0.70 -> 1.21倍) ＋ 地合い危険度SAFE(1.10倍),0.19,0.81,154.4,⏸️ WAIT,見送り,銀行・金融,0.7,False,通常,日銀引き締め加速観測で利ざや改善期待,CTA_SURGE
4188.T,1199.0,1284.4,1156.3,0.4057,0.4181,0.3898,0.3713,0.422,0.465,0.95,0.33,1.1,通常ロット ＋ 地合い危険度SAFE(1.10倍),0.64,1.02,53.0,⏸️ WAIT,見送り,,0.0,False,通常,,CTA_SURGE
3774.T,3398.0,3570.1,3311.9,0.3923,0.3853,0.3676,0.379,0.417,0.392,1.03,0.19,0.55,逆張りリバウンド警戒 (前日比-0.0%) ＋ 地合い危険度SAFE(1.10倍),-0.1,0.61,14.4,⏸️ WAIT,見送り,,0.0,False,通常,,CTA_SURGE
5832.T,3611.0,3793.9,3519.6,0.398,0.3947,0.3811,0.3882,0.415,0.401,0.96,1.43,1.33,通常ロット ＋ セクターセンチメント(+0.70 -> 1.21倍) ＋ 地合い危険度SAFE(1.10倍),0.32,0.57,15.3,⏸️ WAIT,見送り,銀行・金融,0.7,False,通常,日銀引き締め加速観測で利ざや改善期待,CTA_SURGE
6448.T,4602.0,4880.9,4462.6,0.3957,0.3847,0.3791,0.4034,0.412,0.366,1.11,0.09,0.87,通常ロット ＋ セクターセンチメント(-0.70 -> 0.79倍) ＋ 地合い危険度SAFE(1.10倍),0.34,1.06,54.5,⏸️ WAIT,🛑 セクターショック警戒回避 [中国AI台頭と収益性懸念で懸念拡大],半導体・ハイテク,-0.7,True,見送り,中国AI台頭と収益性懸念で懸念拡大,CTA_SURGE
4911.T,3461.0,3671.4,3355.8,0.3885,0.3815,0.3673,0.3786,0.41,0.384,1.03,0.26,0.55,逆張りリバウンド警戒 (前日比-0.4%) ＋ 地合い危険度SAFE(1.10倍),-0.12,0.63,85.8,⏸️ WAIT,見送り,,0.0,False,通常,,CTA_SURGE
4733.T,8221.0,8642.7,8010.1,0.3936,0.3865,0.3782,0.3899,0.409,0.383,1.03,0.11,0.55,逆張りリバウンド警戒 (前日比-1.0%) ＋ 地合い危険度SAFE(1.10倍),-0.29,0.64,14.8,⏸️ WAIT,見送り,,0.0,False,通常,,CTA_SURGE
285A.T,50780.0,57954.3,47192.9,0.3955,0.4023,0.3945,0.3851,0.397,0.419,1.03,0.47,0.44,逆張りリバウンド警戒 (前日比-1.9%) ＋ セクターセンチメント(-0.70 -> 0.79倍) ＋ 地合い危険度SAFE(1.10倍),3.13,0.96,15030.1,⏸️ WAIT,🛑 セクターショック警戒回避 [中国AI台頭と収益性懸念で懸念拡大],半導体・ハイテク,-0.7,True,見送り,中国AI台頭と収益性懸念で懸念拡大,CTA_SURGE
9831.T,718.4,746.0,704.6,0.3886,0.3641,0.3801,0.4271,0.397,0.301,1.11,0.25,1.1,通常ロット ＋ 地合い危険度SAFE(1.10倍),-0.13,0.83,29.7,⏸️ WAIT,見送り,小売・消費・インバウンド,0.0,False,通常,新規材料なし、中立を維持,CTA_SURGE
5985.T,2133.0,2419.9,1989.6,0.3883,0.3702,0.3855,0.419,0.391,0.321,1.08,3.02,0.66,需給滞留警戒 (消化3.02日) ＋ 地合い危険度SAFE(1.10倍),1.88,0.68,11.8,⏸️ WAIT,見送り,,0.0,False,通常,,CTA_SURGE
4502.T,5847.0,6068.0,5736.5,0.3905,0.3929,0.4019,0.3979,0.379,0.388,0.99,0.19,1.1,通常ロット ＋ 地合い危険度SAFE(1.10倍),-0.29,0.95,230.9,⏸️ WAIT,見送り,,0.0,False,通常,,CTA_SURGE
8418.T,3248.0,3413.3,3165.4,0.3872,0.389,0.4003,0.4,0.374,0.378,0.94,1.33,1.33,通常ロット ＋ セクターセンチメント(+0.70 -> 1.21倍) ＋ 地合い危険度SAFE(1.10倍),0.35,1.01,16.3,⏸️ WAIT,見送り,銀行・金融,0.7,False,通常,日銀引き締め加速観測で利ざや改善期待,CTA_SURGE
4527.T,2825.0,2956.7,2759.1,0.3843,0.3965,0.3954,0.3765,0.373,0.416,0.95,0.24,0.55,逆張りリバウンド警戒 (前日比-1.4%) ＋ 地合い危険度SAFE(1.10倍),-0.44,0.88,23.8,⏸️ WAIT,見送り,,0.0,False,通常,,CTA_SURGE
3697.T,855.6,936.1,815.3,0.3778343200683594,0.3778,0.3855063319206238,0.3855,0.37,0.37,1.0,2.59,0.55,逆張りリバウンド警戒 (前日比-1.9%) ＋ 地合い危険度SAFE(1.10倍),-0.38,0.65,32.6,⏸️ WAIT,見送り,,0.0,False,通常,,CTA_SURGE
8309.T,1776.0,1863.4,1732.3,0.3873,0.3995,0.4086,0.3935,0.366,0.405,0.9,0.58,1.33,通常ロット ＋ セクターセンチメント(+0.70 -> 1.21倍) ＋ 地合い危険度SAFE(1.10倍),0.18,0.95,138.4,⏸️ WAIT,見送り,銀行・金融,0.7,False,通常,日銀引き締め加速観測で利ざや改善期待,CTA_SURGE
9007.T,1833.5,1885.1,1807.7,0.3842,0.3753,0.4023,0.418,0.366,0.333,1.03,0.21,1.13,通常ロット ＋ セクターセンチメント(+0.10 -> 1.03倍) ＋ 地合い危険度SAFE(1.10倍),-0.2,0.75,24.8,⏸️ WAIT,見送り,海運・物流,0.1,False,通常,運賃高騰材料は織り込みが進む,CTA_SURGE
3687.T,2174.0,2402.6,2059.7,0.37908685207366943,0.3791,0.394029825925827,0.394,0.364,0.364,1.0,4.51,0.55,逆張りリバウンド警戒 (前日比-1.4%) ＋ 地合い危険度SAFE(1.10倍),1.23,0.55,10.3,⏸️ WAIT,見送り,,0.0,False,通常,,CTA_SURGE
9021.T,3048.0,3140.9,3001.6,0.3839,0.3774,0.4034,0.415,0.364,0.34,1.02,1.1,0.57,逆張りリバウンド警戒 (前日比-0.3%) ＋ セクターセンチメント(+0.10 -> 1.03倍) ＋ 地合い危険度SAFE(1.10倍),-0.25,0.64,57.7,⏸️ WAIT,見送り,海運・物流,0.1,False,通常,運賃高騰材料は織り込みが進む,CTA_SURGE
8267.T,1328.5,1396.9,1294.3,0.379,0.3988,0.4006,0.3709,0.357,0.427,0.92,0.68,0.55,逆張りリバウンド警戒 (前日比-1.7%) ＋ 地合い危険度SAFE(1.10倍),-0.4,1.03,132.3,⏸️ WAIT,見送り,小売・消費・インバウンド,0.0,False,通常,新規材料なし、中立を維持,CTA_SURGE
6544.T,1504.0,1581.0,1465.5,0.3798,0.3996,0.4064,0.3763,0.353,0.423,0.92,0.82,1.1,通常ロット ＋ 地合い危険度SAFE(1.10倍),-0.15,0.86,10.5,⏸️ WAIT,見送り,,0.0,False,通常,,CTA_SURGE
8306.T,3655.0,3840.7,3562.1,0.3821,0.405,0.4111,0.382,0.353,0.428,0.86,0.9,0.66,逆張りリバウンド警戒 (前日比-0.4%) ＋ セクターセンチメント(+0.70 -> 1.21倍) ＋ 地合い危険度SAFE(1.10倍),0.35,0.85,1463.5,⏸️ WAIT,見送り,銀行・金融,0.7,False,通常,日銀引き締め加速観測で利ざや改善期待,CTA_SURGE
4183.T,2198.0,2349.9,2122.0,0.3779,0.39,0.4073,0.3879,0.349,0.392,0.95,0.38,1.1,通常ロット ＋ 地合い危険度SAFE(1.10倍),0.58,1.03,36.0,⏸️ WAIT,見送り,,0.0,False,通常,,CTA_SURGE
2181.T,297.2,312.4,289.6,0.3815,0.3937,0.4164,0.3966,0.347,0.391,0.95,0.25,1.1,通常ロット ＋ 地合い危険度SAFE(1.10倍),-0.05,0.94,27.6,⏸️ WAIT,見送り,,0.0,False,通常,,CTA_SURGE
8053.T,1786.0,1897.2,1730.4,0.3771,0.3763,0.4092,0.4111,0.345,0.341,0.98,0.59,1.2,通常ロット ＋ セクターセンチメント(+0.30 -> 1.09倍) ＋ 地合い危険度SAFE(1.10倍),0.48,0.71,158.8,⏸️ WAIT,見送り,総合商社・資源,0.3,False,通常,原油高やインフレ警戒で資金流入持続,CTA_SURGE
6777.T,19560.0,21734.3,18472.9,0.373,0.3914,0.4072,0.3781,0.339,0.405,0.98,2.72,0.87,通常ロット ＋ セクターセンチメント(-0.70 -> 0.79倍) ＋ 地合い危険度SAFE(1.10倍),1.82,0.9,19.6,⏸️ WAIT,🛑 セクターショック警戒回避 [中国AI台頭と収益性懸念で懸念拡大],半導体・ハイテク,-0.7,True,見送り,中国AI台頭と収益性懸念で懸念拡大,CTA_SURGE
9404.T,3018.0,3137.7,2958.1,0.3755,0.3779,0.4119,0.4079,0.339,0.348,0.99,0.12,1.1,通常ロット ＋ 地合い危険度SAFE(1.10倍),-0.2,1.14,14.5,⏸️ WAIT,見送り,,0.0,False,通常,,CTA_SURGE
8058.T,4944.0,5232.0,4800.0,0.3664,0.3433,0.3965,0.4415,0.336,0.245,1.08,0.73,1.2,通常ロット ＋ セクターセンチメント(+0.30 -> 1.09倍) ＋ 地合い危険度SAFE(1.10倍),0.15,0.88,366.0,⏸️ WAIT,見送り,総合商社・資源,0.3,False,通常,原油高やインフレ警戒で資金流入持続,CTA_SURGE
8604.T,1634.5,1716.3,1593.6,0.377,0.3788,0.419,0.4188,0.335,0.339,0.94,0.98,0.66,逆張りリバウンド警戒 (前日比-0.6%) ＋ セクターセンチメント(+0.70 -> 1.21倍) ＋ 地合い危険度SAFE(1.10倍),0.46,0.96,143.8,⏸️ WAIT,見送り,銀行・金融,0.7,False,通常,日銀引き締め加速観測で利ざや改善期待,CTA_SURGE
2607.T,4497.0,4706.3,4392.4,0.3612,0.3375,0.3917,0.4401,0.331,0.235,1.11,0.11,0.55,逆張りリバウンド警戒 (前日比-1.2%) ＋ 地合い危険度SAFE(1.10倍),-0.39,0.76,13.5,⏸️ WAIT,見送り,食料品・ディフェンシブ,0.0,False,通常,値上げ材料は織り込み済みで中立,CTA_SURGE
7832.T,5463.0,5804.7,5292.1,0.3615,0.3378,0.3933,0.442,0.33,0.234,1.11,0.11,0.55,逆張りリバウンド警戒 (前日比-1.7%) ＋ 地合い危険度SAFE(1.10倍),-0.23,0.71,147.2,⏸️ WAIT,見送り,,0.0,False,通常,,CTA_SURGE
8524.T,1335.0,1416.0,1294.5,0.3676,0.3505,0.4073,0.4403,0.328,0.261,1.02,0.86,1.33,通常ロット ＋ セクターセンチメント(+0.70 -> 1.21倍) ＋ 地合い危険度SAFE(1.10倍),0.53,1.22,21.6,⏸️ WAIT,見送り,銀行・金融,0.7,False,通常,日銀引き締め加速観測で利ざや改善期待,CTA_SURGE
5401.T,682.7,716.6,665.8,0.3704,0.3849,0.4147,0.3912,0.326,0.379,0.94,1.47,1.1,通常ロット ＋ 地合い危険度SAFE(1.10倍),0.13,0.97,165.2,⏸️ WAIT,見送り,,0.0,False,通常,,CTA_SURGE
9434.T,248.8,257.2,244.6,0.3719,0.365,0.4193,0.4323,0.325,0.298,1.03,0.0,0.55,逆張りリバウンド警戒 (前日比-0.7%) ＋ 地合い危険度SAFE(1.10倍),-0.14,0.75,218.2,⏸️ WAIT,見送り,,0.0,False,通常,,CTA_SURGE
8304.T,3508.0,3679.3,3422.4,0.3621,0.3323,0.4024,0.4634,0.322,0.201,1.08,1.98,1.33,通常ロット ＋ セクターセンチメント(+0.70 -> 1.21倍) ＋ 地合い危険度SAFE(1.10倍),0.13,0.71,43.7,⏸️ WAIT,見送り,銀行・金融,0.7,False,通常,日銀引き締め加速観測で利ざや改善期待,CTA_SURGE
2768.T,5770.0,6081.0,5614.5,0.367,0.3661,0.4197,0.4216,0.314,0.311,0.98,2.48,1.2,通常ロット ＋ セクターセンチメント(+0.30 -> 1.09倍) ＋ 地合い危険度SAFE(1.10倍),0.38,0.8,61.8,⏸️ WAIT,見送り,総合商社・資源,0.3,False,通常,原油高やインフレ警戒で資金流入持続,CTA_SURGE
9009.T,1373.5,1429.2,1345.6,0.362,0.3365,0.4203,0.476,0.304,0.197,1.11,0.23,0.57,逆張りリバウンド警戒 (前日比-1.0%) ＋ セクターセンチメント(+0.10 -> 1.03倍) ＋ 地合い危険度SAFE(1.10倍),-0.04,1.15,26.2,⏸️ WAIT,見送り,海運・物流,0.1,False,通常,運賃高騰材料は織り込みが進む,CTA_SURGE
2331.T,1239.0,1283.9,1216.5,0.3585,0.3517,0.4276,0.4409,0.289,0.263,1.03,0.1,1.1,通常ロット ＋ 地合い危険度SAFE(1.10倍),-0.23,1.31,15.4,⏸️ WAIT,見送り,,0.0,False,通常,,CTA_SURGE
6594.T,2646.0,2863.9,2537.1,0.3535,0.3715,0.4197,0.3896,0.287,0.353,0.98,1.31,0.87,通常ロット ＋ セクターセンチメント(-0.70 -> 0.79倍) ＋ 地合い危険度SAFE(1.10倍),0.76,0.93,84.8,⏸️ WAIT,🛑 セクターショック警戒回避 [中国AI台頭と収益性懸念で懸念拡大],半導体・ハイテク,-0.7,True,見送り,中国AI台頭と収益性懸念で懸念拡大,CTA_SURGE
4568.T,2839.0,2974.6,2771.2,0.3607,0.3751,0.437,0.4123,0.284,0.338,0.94,0.97,1.1,通常ロット ＋ 地合い危険度SAFE(1.10倍),-0.09,0.83,139.7,⏸️ WAIT,見送り,,0.0,False,通常,,CTA_SURGE
8020.T,2306.5,2408.9,2255.3,0.3548,0.3405,0.4322,0.4613,0.277,0.22,1.04,0.53,1.2,通常ロット ＋ セクターセンチメント(+0.30 -> 1.09倍) ＋ 地合い危険度SAFE(1.10倍),0.31,0.86,12.4,⏸️ WAIT,見送り,総合商社・資源,0.3,False,通常,原油高やインフレ警戒で資金流入持続,CTA_SURGE
7189.T,4944.0,5232.4,4799.8,0.3539,0.337,0.4324,0.4673,0.275,0.207,1.02,1.59,1.33,通常ロット ＋ セクターセンチメント(+0.70 -> 1.21倍) ＋ 地合い危険度SAFE(1.10倍),0.4,1.13,22.9,⏸️ WAIT,見送り,銀行・金融,0.7,False,通常,日銀引き締め加速観測で利ざや改善期待,CTA_SURGE
8725.T,5155.0,5385.1,5039.9,0.3563,0.3556,0.4386,0.4425,0.274,0.269,0.95,0.34,0.66,逆張りリバウンド警戒 (前日比-0.1%) ＋ セクターセンチメント(+0.70 -> 1.21倍) ＋ 地合い危険度SAFE(1.10倍),0.04,1.08,217.5,⏸️ WAIT,見送り,銀行・金融,0.7,False,通常,日銀引き締め加速観測で利ざや改善期待,CTA_SURGE
7327.T,2624.0,2763.6,2554.2,0.3476,0.3125,0.4222,0.5025,0.273,0.122,1.11,0.48,1.33,通常ロット ＋ セクターセンチメント(+0.70 -> 1.21倍) ＋ 地合い危険度SAFE(1.10倍),0.35,0.91,21.4,⏸️ WAIT,見送り,銀行・金融,0.7,False,通常,日銀引き締め加速観測で利ざや改善期待,CTA_SURGE
3103.T,1462.0,1693.9,1346.1,0.345,0.3362,0.4224,0.44,0.268,0.232,1.04,1.51,1.1,通常ロット ＋ 地合い危険度SAFE(1.10倍),1.77,1.46,77.9,⏸️ WAIT,見送り,,0.0,False,通常,,CTA_SURGE
3197.T,3257.0,3404.0,3183.5,0.3546,0.3664,0.4408,0.4198,0.268,0.313,0.95,0.32,0.55,逆張りリバウンド警戒 (前日比-1.5%) ＋ 地合い危険度SAFE(1.10倍),-0.23,0.97,26.7,⏸️ WAIT,見送り,小売・消費・インバウンド,0.0,False,通常,新規材料なし、中立を維持,CTA_SURGE
2432.T,2535.0,2659.0,2473.0,0.3575,0.382,0.4481,0.4074,0.267,0.357,0.9,2.02,0.55,逆張りリバウンド警戒 (前日比-0.9%) ＋ 地合い危険度SAFE(1.10倍),-0.04,0.77,23.6,⏸️ WAIT,見送り,,0.0,False,通常,,CTA_SURGE
8473.T,3236.0,3428.6,3139.7,0.354,0.3556,0.4428,0.4425,0.265,0.269,0.94,1.69,1.33,通常ロット ＋ セクターセンチメント(+0.70 -> 1.21倍) ＋ 地合い危険度SAFE(1.10倍),0.56,1.49,107.0,⏸️ WAIT,見送り,銀行・金融,0.7,False,通常,日銀引き締め加速観測で利ざや改善期待,CTA_SURGE
8729.T,163.2,171.2,159.2,0.3456,0.3426,0.4461,0.4544,0.245,0.231,0.96,1.49,1.33,通常ロット ＋ セクターセンチメント(+0.70 -> 1.21倍) ＋ 地合い危険度SAFE(1.10倍),0.11,0.96,80.0,⏸️ WAIT,見送り,銀行・金融,0.7,False,通常,日銀引き締め加速観測で利ざや改善期待,CTA_SURGE
8334.T,2897.5,3056.0,2818.2,0.3365,0.302,0.4304,0.5122,0.243,0.092,1.11,0.18,1.33,通常ロット ＋ セクターセンチメント(+0.70 -> 1.21倍) ＋ 地合い危険度SAFE(1.10倍),0.35,1.02,33.8,⏸️ WAIT,見送り,銀行・金融,0.7,False,通常,日銀引き締め加速観測で利ざや改善期待,CTA_SURGE
9531.T,6424.0,6728.1,6271.9,0.3433,0.3297,0.4443,0.4731,0.242,0.186,1.03,0.13,1.23,通常ロット ＋ セクターセンチメント(+0.40 -> 1.12倍) ＋ 地合い危険度SAFE(1.10倍),-0.09,0.82,58.5,⏸️ WAIT,見送り,電力・エネルギー,0.4,False,通常,AI電力需要拡大と原発関連買いが底入れ,CTA_SURGE
7867.T,3878.0,4080.7,3776.6,0.3356,0.3127,0.4301,0.4833,0.241,0.142,1.11,0.27,1.1,通常ロット ＋ 地合い危険度SAFE(1.10倍),-0.02,0.87,31.3,⏸️ WAIT,見送り,,0.0,False,通常,,CTA_SURGE
2810.T,3987.0,4140.1,3910.4,0.344,0.3463,0.45,0.4455,0.238,0.247,0.99,0.24,1.1,通常ロット ＋ 地合い危険度SAFE(1.10倍),-0.07,1.65,10.8,⏸️ WAIT,見送り,食料品・ディフェンシブ,0.0,False,通常,値上げ材料は織り込み済みで中立,CTA_SURGE
4324.T,3623.0,3816.6,3526.2,0.3412,0.3529,0.4439,0.4228,0.238,0.283,0.95,0.25,0.55,逆張りリバウンド警戒 (前日比-0.3%) ＋ 地合い危険度SAFE(1.10倍),-0.18,0.8,33.7,⏸️ WAIT,見送り,,0.0,False,通常,,CTA_SURGE
3923.T,1061.0,1152.5,1015.3,0.338,0.3569,0.441,0.4083,0.235,0.305,0.92,1.09,0.55,逆張りリバウンド警戒 (前日比-2.1%) ＋ 地合い危険度SAFE(1.10倍),0.09,0.78,17.0,⏸️ WAIT,見送り,,0.0,False,通常,,CTA_SURGE
8628.T,1178.0,1235.6,1149.2,0.3375,0.3087,0.4405,0.5071,0.235,0.11,1.08,0.52,0.66,逆張りリバウンド警戒 (前日比-1.0%) ＋ セクターセンチメント(+0.70 -> 1.21倍) ＋ 地合い危険度SAFE(1.10倍),0.12,0.87,10.2,⏸️ WAIT,見送り,銀行・金融,0.7,False,通常,日銀引き締め加速観測で利ざや改善期待,CTA_SURGE
4373.T,1160.0,1244.0,1118.0,0.3344,0.3279,0.4415,0.4552,0.227,0.201,1.03,0.32,0.55,逆張りリバウンド警戒 (前日比-0.2%) ＋ 地合い危険度SAFE(1.10倍),-0.02,0.72,15.6,⏸️ WAIT,見送り,,0.0,False,通常,,CTA_SURGE
9684.T,2938.5,3139.6,2837.9,0.333,0.3265,0.439,0.4525,0.227,0.2,1.03,0.34,0.55,逆張りリバウンド警戒 (前日比-1.9%) ＋ 地合い危険度SAFE(1.10倍),-0.13,1.06,34.0,⏸️ WAIT,見送り,,0.0,False,通常,,CTA_SURGE
9433.T,3079.0,3183.6,3026.7,0.333,0.3102,0.4413,0.4958,0.225,0.125,1.11,0.08,1.1,通常ロット ＋ 地合い危険度SAFE(1.10倍),-0.36,0.95,254.7,⏸️ WAIT,見送り,,0.0,False,通常,,CTA_SURGE
4902.T,646.7,693.9,623.1,0.3434,0.3683,0.4633,0.4178,0.223,0.319,0.95,0.45,0.87,通常ロット ＋ セクターセンチメント(-0.70 -> 0.79倍) ＋ 地合い危険度SAFE(1.10倍),0.21,1.11,24.6,⏸️ WAIT,🛑 セクターショック警戒回避 [中国AI台頭と収益性懸念で懸念拡大],半導体・ハイテク,-0.7,True,見送り,中国AI台頭と収益性懸念で懸念拡大,CTA_SURGE
1969.T,4574.0,4785.1,4468.4,0.3338,0.3169,0.4473,0.4862,0.22,0.148,1.08,0.64,1.1,通常ロット ＋ 地合い危険度SAFE(1.10倍),0.6,0.92,22.2,⏸️ WAIT,見送り,,0.0,False,通常,,CTA_SURGE
3046.T,5870.0,6277.1,5666.4,0.3333,0.3472,0.4481,0.4227,0.218,0.272,0.94,1.57,0.55,逆張りリバウンド警戒 (前日比-0.8%) ＋ 地合い危険度SAFE(1.10倍),-0.05,0.78,11.1,⏸️ WAIT,見送り,小売・消費・インバウンド,0.0,False,通常,新規材料なし、中立を維持,CTA_SURGE
4768.T,3591.0,3750.4,3511.3,0.3381,0.3497,0.4618,0.4398,0.214,0.26,0.95,0.05,0.55,逆張りリバウンド警戒 (前日比-0.4%) ＋ 地合い危険度SAFE(1.10倍),-0.3,0.85,40.4,⏸️ WAIT,見送り,,0.0,False,通常,,CTA_SURGE
6869.T,1884.0,1978.0,1837.0,0.3379,0.3627,0.4752,0.4286,0.201,0.297,0.95,0.4,0.87,通常ロット ＋ セクターセンチメント(-0.70 -> 0.79倍) ＋ 地合い危険度SAFE(1.10倍),-0.01,1.07,47.0,⏸️ WAIT,🛑 セクターショック警戒回避 [中国AI台頭と収益性懸念で懸念拡大],半導体・ハイテク,-0.7,True,見送り,中国AI台頭と収益性懸念で懸念拡大,CTA_SURGE
8341.T,4032.0,4264.0,3916.0,0.3207,0.2871,0.4418,0.5259,0.2,0.048,1.11,0.48,0.66,逆張りリバウンド警戒 (前日比-0.1%) ＋ セクターセンチメント(+0.70 -> 1.21倍) ＋ 地合い危険度SAFE(1.10倍),0.41,0.89,30.2,⏸️ WAIT,見送り,銀行・金融,0.7,False,通常,日銀引き締め加速観測で利ざや改善期待,CTA_SURGE
3064.T,1957.0,2068.5,1901.2,0.3199,0.2976,0.4475,0.5029,0.192,0.092,1.11,0.44,0.55,逆張りリバウンド警戒 (前日比-0.8%) ＋ 地合い危険度SAFE(1.10倍),-0.14,0.94,38.0,⏸️ WAIT,見送り,小売・消費・インバウンド,0.0,False,通常,新規材料なし、中立を維持,CTA_SURGE
3350.T,235.0,284.0,210.5,0.3239,0.342,0.4616,0.43,0.186,0.254,0.9,2.75,0.61,逆張りリバウンド警戒 (前日比-6.4%) ＋ セクターセンチメント(+0.30 -> 1.09倍) ＋ 地合い危険度SAFE(1.10倍),1.03,1.12,39.5,⏸️ WAIT,見送り,総合商社・資源,0.3,False,通常,原油高やインフレ警戒で資金流入持続,CTA_SURGE
9024.T,3551.0,3728.1,3462.4,0.3246,0.3164,0.4722,0.4907,0.177,0.142,1.03,0.3,1.13,通常ロット ＋ セクターセンチメント(+0.10 -> 1.03倍) ＋ 地合い危険度SAFE(1.10倍),0.04,1.06,30.1,⏸️ WAIT,見送り,海運・物流,0.1,False,通常,運賃高騰材料は織り込みが進む,CTA_SURGE
4661.T,3002.0,3158.1,2924.0,0.3178,0.3073,0.4706,0.4953,0.165,0.119,1.05,0.56,0.55,逆張りリバウンド警戒 (前日比-1.7%) ＋ 地合い危険度SAFE(1.10倍),-0.19,0.96,149.5,⏸️ WAIT,見送り,,0.0,False,通常,,CTA_SURGE
8361.T,8490.0,9010.0,8230.0,0.308,0.2807,0.4627,0.5328,0.153,0.028,1.08,0.96,1.33,通常ロット ＋ セクターセンチメント(+0.70 -> 1.21倍) ＋ 地合い危険度SAFE(1.10倍),0.46,1.38,14.2,⏸️ WAIT,見送り,銀行・金融,0.7,False,通常,日銀引き締め加速観測で利ざや改善期待,CTA_SURGE
6305.T,5703.0,6052.6,5528.2,0.312,0.3007,0.4724,0.499,0.152,0.102,1.03,0.44,1.2,通常ロット ＋ セクターセンチメント(+0.30 -> 1.09倍) ＋ 地合い危険度SAFE(1.10倍),0.37,0.99,56.0,⏸️ WAIT,見送り,防衛・重工,0.3,False,通常,防衛費概算要求や無人機需要が追い風,CTA_SURGE
3132.T,3915.0,4227.0,3759.0,0.3119,0.3027,0.4727,0.4942,0.151,0.111,1.02,0.52,1.2,通常ロット ＋ セクターセンチメント(+0.30 -> 1.09倍) ＋ 地合い危険度SAFE(1.10倍),1.3,1.02,31.3,⏸️ WAIT,見送り,総合商社・資源,0.3,False,通常,原油高やインフレ警戒で資金流入持続,CTA_SURGE
8031.T,5174.0,5468.1,5026.9,0.3115,0.3022,0.4866,0.5088,0.136,0.096,1.02,0.81,1.2,通常ロット ＋ セクターセンチメント(+0.30 -> 1.09倍) ＋ 地合い危険度SAFE(1.10倍),-0.01,0.92,324.9,⏸️ WAIT,見送り,総合商社・資源,0.3,False,通常,原油高やインフレ警戒で資金流入持続,CTA_SURGE
8366.T,2902.0,3078.0,2814.0,0.3033,0.2763,0.4702,0.5414,0.136,0.011,1.08,0.51,1.33,通常ロット ＋ セクターセンチメント(+0.70 -> 1.21倍) ＋ 地合い危険度SAFE(1.10倍),0.47,1.36,19.3,⏸️ WAIT,見送り,銀行・金融,0.7,False,通常,日銀引き締め加速観測で利ざや改善期待,CTA_SURGE
7380.T,2654.0,2817.7,2572.1,0.3109,0.3124,0.4918,0.4915,0.13,0.133,0.94,2.55,1.33,通常ロット ＋ セクターセンチメント(+0.70 -> 1.21倍) ＋ 地合い危険度SAFE(1.10倍),0.36,0.92,10.3,⏸️ WAIT,見送り,銀行・金融,0.7,False,通常,日銀引き締め加速観測で利ざや改善期待,CTA_SURGE
6532.T,7573.0,8047.9,7335.6,0.3088,0.3199,0.4908,0.4674,0.127,0.172,0.95,0.38,0.55,逆張りリバウンド警戒 (前日比-1.8%) ＋ 地合い危険度SAFE(1.10倍),-0.06,0.75,78.7,⏸️ WAIT,見送り,,0.0,False,通常,,CTA_SURGE
8056.T,4793.0,5018.3,4680.4,0.3024,0.2808,0.4782,0.5373,0.127,0.024,1.11,0.12,0.55,逆張りリバウンド警戒 (前日比-1.0%) ＋ 地合い危険度SAFE(1.10倍),-0.17,1.02,18.3,⏸️ WAIT,見送り,,0.0,False,通常,,CTA_SURGE
9044.T,3186.0,3297.1,3130.4,0.3106,0.3026,0.4963,0.5157,0.125,0.089,1.03,0.15,0.57,逆張りリバウンド警戒 (前日比-0.3%) ＋ セクターセンチメント(+0.10 -> 1.03倍) ＋ 地合い危険度SAFE(1.10倍),-0.2,0.9,12.1,⏸️ WAIT,見送り,海運・物流,0.1,False,通常,運賃高騰材料は織り込みが進む,CTA_SURGE
6849.T,1561.5,1626.9,1528.8,0.3099,0.316,0.497,0.4852,0.123,0.147,1.03,0.11,0.87,通常ロット ＋ セクターセンチメント(-0.70 -> 0.79倍) ＋ 地合い危険度SAFE(1.10倍),-0.18,0.56,12.0,⏸️ WAIT,🛑 セクターショック警戒回避 [中国AI台頭と収益性懸念で懸念拡大],半導体・ハイテク,-0.7,True,見送り,中国AI台頭と収益性懸念で懸念拡大,CTA_SURGE
7180.T,1611.5,1696.3,1569.1,0.3034,0.2879,0.4856,0.5249,0.121,0.051,1.02,0.85,1.33,通常ロット ＋ セクターセンチメント(+0.70 -> 1.21倍) ＋ 地合い危険度SAFE(1.10倍),0.32,0.84,18.4,⏸️ WAIT,見送り,銀行・金融,0.7,False,通常,日銀引き締め加速観測で利ざや改善期待,CTA_SURGE
7322.T,2062.0,2251.7,1967.1,0.3136,0.3347,0.5066,0.4707,0.121,0.199,0.86,0.96,1.33,通常ロット ＋ セクターセンチメント(+0.70 -> 1.21倍) ＋ 地合い危険度SAFE(1.10倍),0.48,0.69,13.2,⏸️ WAIT,見送り,銀行・金融,0.7,False,通常,日銀引き締め加速観測で利ざや改善期待,CTA_SURGE
8439.T,2679.5,2813.5,2612.5,0.3085,0.3101,0.4961,0.4957,0.121,0.125,0.94,0.91,1.33,通常ロット ＋ セクターセンチメント(+0.70 -> 1.21倍) ＋ 地合い危険度SAFE(1.10倍),0.17,1.31,14.1,⏸️ WAIT,見送り,銀行・金融,0.7,False,通常,日銀引き締め加速観測で利ざや改善期待,CTA_SURGE
9509.T,1146.5,1215.6,1112.0,0.2954,0.2645,0.4704,0.5585,0.12,-0.03,1.13,2.1,1.23,通常ロット ＋ セクターセンチメント(+0.40 -> 1.12倍) ＋ 地合い危険度SAFE(1.10倍),0.35,0.98,20.9,⏸️ WAIT,見送り,電力・エネルギー,0.4,False,通常,AI電力需要拡大と原発関連買いが底入れ,CTA_SURGE
3659.T,3124.0,3270.1,3050.9,0.299,0.285,0.5029,0.5407,0.095,0.029,1.07,0.47,0.55,逆張りリバウンド警戒 (前日比-1.7%) ＋ 地合い危険度SAFE(1.10倍),0.02,0.89,88.5,⏸️ WAIT,見送り,,0.0,False,通常,,CTA_SURGE
6208.T,1761.0,1995.3,1643.9,0.2967,0.2939,0.503,0.5103,0.09,0.077,0.99,0.29,0.61,逆張りリバウンド警戒 (前日比-4.7%) ＋ セクターセンチメント(+0.30 -> 1.09倍) ＋ 地合い危険度SAFE(1.10倍),0.61,0.46,22.3,⏸️ WAIT,見送り,防衛・重工,0.3,False,通常,防衛費概算要求や無人機需要が追い風,CTA_SURGE
9432.T,177.1,183.8,173.8,0.2911,0.27,0.4938,0.5548,0.088,-0.015,1.11,0.37,0.55,逆張りリバウンド警戒 (前日比-0.6%) ＋ 地合い危険度SAFE(1.10倍),-0.26,0.82,329.7,⏸️ WAIT,見送り,,0.0,False,通常,,CTA_SURGE
6417.T,2111.5,2194.5,2070.0,0.2831,0.2579,0.4924,0.5669,0.074,-0.051,1.11,0.42,0.61,逆張りリバウンド警戒 (前日比-0.3%) ＋ セクターセンチメント(+0.30 -> 1.09倍) ＋ 地合い危険度SAFE(1.10倍),-0.32,0.72,21.8,⏸️ WAIT,見送り,防衛・重工,0.3,False,通常,防衛費概算要求や無人機需要が追い風,CTA_SURGE
1605.T,4060.0,4315.0,3932.5,0.2741,0.2493,0.4825,0.5556,0.066,-0.057,1.11,0.46,1.2,通常ロット ＋ セクターセンチメント(+0.30 -> 1.09倍) ＋ 地合い危険度SAFE(1.10倍),-0.15,0.98,257.8,⏸️ WAIT,見送り,総合商社・資源,0.3,False,通常,原油高やインフレ警戒で資金流入持続,CTA_SURGE
4443.T,2076.0,2276.3,1975.9,0.278,0.2628,0.4926,0.5354,0.063,-0.01,1.08,0.79,0.55,逆張りリバウンド警戒 (前日比-0.2%) ＋ 地合い危険度SAFE(1.10倍),0.12,0.88,18.7,⏸️ WAIT,見送り,,0.0,False,通常,,CTA_SURGE
7211.T,365.5,391.8,352.3,0.2945,0.3157,0.5324,0.4852,0.057,0.146,0.92,1.21,1.03,通常ロット ＋ セクターセンチメント(-0.20 -> 0.94倍) ＋ 地合い危険度SAFE(1.10倍),0.19,0.79,23.1,⏸️ WAIT,見送り,自動車・輸出,-0.2,False,打診30%抑制,米国の対中圧力が米墨供給網へ影響,CTA_SURGE
5838.T,6177.0,6597.3,5966.9,0.2832,0.2847,0.5134,0.5131,0.053,0.056,0.94,1.79,0.66,逆張りリバウンド警戒 (前日比-3.2%) ＋ セクターセンチメント(+0.70 -> 1.21倍) ＋ 地合い危険度SAFE(1.10倍),0.12,0.96,62.4,⏸️ WAIT,見送り,銀行・金融,0.7,False,通常,日銀引き締め加速観測で利ざや改善期待,CTA_SURGE
7181.T,1776.0,1861.4,1733.3,0.2839,0.2854,0.5232,0.5228,0.045,0.048,0.94,1.06,1.33,通常ロット ＋ セクターセンチメント(+0.70 -> 1.21倍) ＋ 地合い危険度SAFE(1.10倍),0.09,1.03,35.9,⏸️ WAIT,見送り,銀行・金融,0.7,False,通常,日銀引き締め加速観測で利ざや改善期待,CTA_SURGE
9513.T,4205.0,4407.9,4103.6,0.288,0.2943,0.5329,0.5193,0.043,0.069,0.94,1.38,1.23,通常ロット ＋ セクターセンチメント(+0.40 -> 1.12倍) ＋ 地合い危険度SAFE(1.10倍),-0.04,0.68,22.7,⏸️ WAIT,見送り,電力・エネルギー,0.4,False,通常,AI電力需要拡大と原発関連買いが底入れ,CTA_SURGE
1893.T,1582.0,1681.0,1532.5,0.2899,0.3028,0.5378,0.5073,0.042,0.098,0.94,0.76,1.1,通常ロット ＋ 地合い危険度SAFE(1.10倍),0.71,1.03,40.3,⏸️ WAIT,見送り,,0.0,False,通常,,CTA_SURGE
2726.T,1479.0,1576.3,1430.4,0.2803,0.3117,0.5186,0.4549,0.042,0.169,0.86,1.2,0.55,逆張りリバウンド警戒 (前日比-1.9%) ＋ 地合い危険度SAFE(1.10倍),-0.14,0.68,10.8,⏸️ WAIT,見送り,小売・消費・インバウンド,0.0,False,通常,新規材料なし、中立を維持,CTA_SURGE
3349.T,6487.0,6871.7,6294.6,0.2764,0.2867,0.5167,0.4921,0.036,0.081,0.95,0.35,0.55,逆張りリバウンド警戒 (前日比-1.8%) ＋ 地合い危険度SAFE(1.10倍),-0.47,0.91,30.6,⏸️ WAIT,見送り,小売・消費・インバウンド,0.0,False,通常,新規材料なし、中立を維持,CTA_SURGE
8766.T,8100.0,8481.3,7909.4,0.2702,0.2468,0.5055,0.5758,0.035,-0.082,1.07,0.49,1.33,通常ロット ＋ セクターセンチメント(+0.70 -> 1.21倍) ＋ 地合い危険度SAFE(1.10倍),-0.09,0.95,473.6,⏸️ WAIT,見送り,銀行・金融,0.7,False,通常,日銀引き締め加速観測で利ざや改善期待,CTA_SURGE
6178.T,2506.5,2642.0,2438.8,0.2841,0.2947,0.5398,0.5141,0.028,0.075,0.95,0.13,1.1,通常ロット ＋ 地合い危険度SAFE(1.10倍),0.1,1.22,106.9,⏸️ WAIT,見送り,,0.0,False,通常,,CTA_SURGE
4307.T,5097.0,5441.6,4924.7,0.2792,0.2896,0.5344,0.5089,0.024,0.07,0.95,0.36,0.55,逆張りリバウンド警戒 (前日比-1.4%) ＋ 地合い危険度SAFE(1.10倍),-0.37,0.87,107.1,⏸️ WAIT,見送り,,0.0,False,通常,,CTA_SURGE
9602.T,1592.0,1676.0,1550.0,0.266,0.2461,0.508,0.5708,0.024,-0.079,1.11,0.31,0.55,逆張りリバウンド警戒 (前日比-1.6%) ＋ 地合い危険度SAFE(1.10倍),-0.55,0.77,44.6,⏸️ WAIT,見送り,,0.0,False,通常,,CTA_SURGE
6098.T,17155.0,18442.1,16511.4,0.2626,0.2429,0.5058,0.5683,0.019,-0.083,1.11,0.11,1.1,通常ロット ＋ 地合い危険度SAFE(1.10倍),0.23,1.08,817.6,⏸️ WAIT,見送り,,0.0,False,通常,,CTA_SURGE
2413.T,1751.0,1868.1,1692.5,0.27097612619400024,0.271,0.5252006649971008,0.5252,0.017,0.017,1.0,1.06,1.1,通常ロット ＋ 地合い危険度SAFE(1.10倍),-0.18,0.74,50.7,⏸️ WAIT,見送り,,0.0,False,通常,,CTA_SURGE
2767.T,2602.0,2735.0,2535.5,0.2681,0.2597,0.5235,0.5473,0.013,-0.028,1.02,1.1,1.2,通常ロット ＋ セクターセンチメント(+0.30 -> 1.09倍) ＋ 地合い危険度SAFE(1.10倍),-0.4,1.04,10.9,⏸️ WAIT,見送り,総合商社・資源,0.3,False,通常,原油高やインフレ警戒で資金流入持続,CTA_SURGE
8368.T,2465.0,2627.3,2383.9,0.2566,0.2323,0.5121,0.5897,0.001,-0.125,1.08,1.2,1.33,通常ロット ＋ セクターセンチメント(+0.70 -> 1.21倍) ＋ 地合い危険度SAFE(1.10倍),0.59,1.09,19.0,⏸️ WAIT,見送り,銀行・金融,0.7,False,通常,日銀引き締め加速観測で利ざや改善期待,CTA_SURGE
2433.T,1328.5,1406.1,1289.7,0.2656,0.2676,0.5421,0.5367,-0.011,-0.002,0.99,0.05,1.1,通常ロット ＋ 地合い危険度SAFE(1.10倍),-0.35,0.58,11.8,⏸️ WAIT,見送り,,0.0,False,通常,,CTA_SURGE
3626.T,4010.0,4236.7,3896.6,0.2538,0.2482,0.5487,0.5656,-0.041,-0.069,1.03,0.2,1.1,通常ロット ＋ 地合い危険度SAFE(1.10倍),-0.35,0.97,34.5,⏸️ WAIT,見送り,,0.0,False,通常,,CTA_SURGE
9532.T,6183.0,6475.6,6036.7,0.2441,0.2199,0.533,0.6186,-0.045,-0.179,1.11,0.21,1.23,通常ロット ＋ セクターセンチメント(+0.40 -> 1.12倍) ＋ 地合い危険度SAFE(1.10倍),-0.1,0.81,62.7,⏸️ WAIT,見送り,電力・エネルギー,0.4,False,通常,AI電力需要拡大と原発関連買いが底入れ,CTA_SURGE
8918.T,10.0,12.0,9.0,0.2423,0.2369,0.5302,0.5466,-0.046,-0.073,1.03,0.26,1.1,通常ロット ＋ 地合い危険度SAFE(1.10倍),-0.11,0.95,27.5,⏸️ WAIT,見送り,,0.0,False,通常,,CTA_SURGE
6779.T,3155.0,3562.0,2951.5,0.2619,0.3041,0.5722,0.4754,-0.048,0.133,0.86,0.81,0.87,通常ロット ＋ セクターセンチメント(-0.70 -> 0.79倍) ＋ 地合い危険度SAFE(1.10倍),1.93,0.88,46.0,⏸️ WAIT,🛑 セクターショック警戒回避 [中国AI台頭と収益性懸念で懸念拡大],半導体・ハイテク,-0.7,True,見送り,中国AI台頭と収益性懸念で懸念拡大,CTA_SURGE
9984.T,6183.0,7043.4,5752.8,0.2367,0.2184,0.5286,0.5939,-0.055,-0.157,1.11,0.39,0.55,逆張りリバウンド警戒 (前日比-1.5%) ＋ 地合い危険度SAFE(1.10倍),2.19,0.92,4664.2,⏸️ WAIT,見送り,,0.0,False,通常,,CTA_SURGE
5032.T,3200.0,3418.9,3090.6,0.2437,0.2298,0.5429,0.5901,-0.056,-0.13,1.08,0.73,0.55,逆張りリバウンド警戒 (前日比-1.2%) ＋ 地合い危険度SAFE(1.10倍),0.09,0.3,40.7,⏸️ WAIT,見送り,,0.0,False,通常,,CTA_SURGE
9104.T,7149.0,7572.4,6937.3,0.2371,0.2175,0.5354,0.6064,-0.061,-0.172,1.11,0.45,1.13,通常ロット ＋ セクターセンチメント(+0.10 -> 1.03倍) ＋ 地合い危険度SAFE(1.10倍),-0.13,0.93,180.3,⏸️ WAIT,見送り,海運・物流,0.1,False,通常,運賃高騰材料は織り込みが進む,CTA_SURGE
6753.T,677.9,724.8,654.4,0.2401,0.2317,0.5454,0.5803,-0.065,-0.117,1.11,0.47,0.87,通常ロット ＋ セクターセンチメント(-0.70 -> 0.79倍) ＋ 地合い危険度SAFE(1.10倍),-0.03,0.82,39.7,⏸️ WAIT,🛑 セクターショック警戒回避 [中国AI台頭と収益性懸念で懸念拡大],半導体・ハイテク,-0.7,True,見送り,中国AI台頭と収益性懸念で懸念拡大,CTA_SURGE
5020.T,1474.0,1564.9,1428.6,0.2337,0.2115,0.5367,0.6179,-0.069,-0.195,1.11,0.19,1.2,通常ロット ＋ セクターセンチメント(+0.30 -> 1.09倍) ＋ 地合い危険度SAFE(1.10倍),0.18,1.02,150.7,⏸️ WAIT,見送り,総合商社・資源,0.3,False,通常,原油高やインフレ警戒で資金流入持続,CTA_SURGE
2212.T,3746.0,3926.9,3655.6,0.2554,0.2652,0.5824,0.5547,-0.072,-0.024,0.95,0.12,0.55,逆張りリバウンド警戒 (前日比-2.0%) ＋ 地合い危険度SAFE(1.10倍),-0.39,0.77,22.3,⏸️ WAIT,見送り,食料品・ディフェンシブ,0.0,False,通常,値上げ材料は織り込み済みで中立,CTA_SURGE
6326.T,2830.5,3025.2,2733.1,0.25,0.2552,0.582,0.5679,-0.082,-0.058,0.95,0.16,1.2,通常ロット ＋ セクターセンチメント(+0.30 -> 1.09倍) ＋ 地合い危険度SAFE(1.10倍),0.47,0.97,109.3,⏸️ WAIT,見送り,防衛・重工,0.3,False,通常,防衛費概算要求や無人機需要が追い風,CTA_SURGE
6701.T,4841.0,5177.0,4673.0,0.2528,0.2941,0.5881,0.4885,-0.082,0.1,0.86,1.04,0.87,通常ロット ＋ セクターセンチメント(-0.70 -> 0.79倍) ＋ 地合い危険度SAFE(1.10倍),-0.09,0.72,277.0,⏸️ WAIT,🛑 セクターショック警戒回避 [中国AI台頭と収益性懸念で懸念拡大],半導体・ハイテク,-0.7,True,見送り,中国AI台頭と収益性懸念で懸念拡大,CTA_SURGE
9501.T,544.0,588.6,521.7,0.2405,0.2461,0.5716,0.5571,-0.091,-0.065,0.94,2.39,1.23,通常ロット ＋ セクターセンチメント(+0.40 -> 1.12倍) ＋ 地合い危険度SAFE(1.10倍),0.35,0.99,184.1,⏸️ WAIT,見送り,電力・エネルギー,0.4,False,通常,AI電力需要拡大と原発関連買いが底入れ,CTA_SURGE
9843.T,3080.0,3317.6,2961.2,0.2324,0.2205,0.5557,0.5975,-0.091,-0.156,1.07,0.32,0.55,逆張りリバウンド警戒 (前日比-3.1%) ＋ 地合い危険度SAFE(1.10倍),-0.29,1.18,105.4,⏸️ WAIT,見送り,小売・消費・インバウンド,0.0,False,通常,新規材料なし、中立を維持,CTA_SURGE
6702.T,3934.0,4176.0,3813.0,0.2407,0.2459,0.5792,0.5655,-0.098,-0.074,1.03,0.33,0.44,逆張りリバウンド警戒 (前日比-0.3%) ＋ セクターセンチメント(-0.70 -> 0.79倍) ＋ 地合い危険度SAFE(1.10倍),-0.15,0.67,334.4,⏸️ WAIT,🛑 セクターショック警戒回避 [中国AI台頭と収益性懸念で懸念拡大],半導体・ハイテク,-0.7,True,見送り,中国AI台頭と収益性懸念で懸念拡大,CTA_SURGE
6191.T,1634.0,1829.7,1536.1,0.234,0.2287,0.5729,0.5906,-0.105,-0.133,1.03,0.3,0.55,逆張りリバウンド警戒 (前日比-0.4%) ＋ 地合い危険度SAFE(1.10倍),0.02,0.4,41.9,⏸️ WAIT,見送り,,0.0,False,通常,,CTA_SURGE
3444.T,1101.0,1257.6,1022.7,0.2293,0.2241,0.5664,0.5839,-0.108,-0.136,1.03,0.27,0.55,逆張りリバウンド警戒 (前日比-9.4%) ＋ 地合い危険度SAFE(1.10倍),0.77,0.38,25.6,⏸️ WAIT,見送り,,0.0,False,通常,,CTA_SURGE
4689.T,554.3,584.3,539.3,0.2255,0.214,0.5765,0.6198,-0.126,-0.192,1.07,0.34,0.55,逆張りリバウンド警戒 (前日比-1.9%) ＋ 地合い危険度SAFE(1.10倍),-0.15,0.96,96.7,⏸️ WAIT,見送り,,0.0,False,通常,,CTA_SURGE
3994.T,5985.0,6654.1,5650.4,0.2283,0.2374,0.595,0.5667,-0.138,-0.092,0.95,0.35,0.55,逆張りリバウンド警戒 (前日比-2.5%) ＋ 地合い危険度SAFE(1.10倍),0.06,0.81,27.8,⏸️ WAIT,見送り,,0.0,False,通常,,CTA_SURGE
7014.T,4665.0,5145.7,4424.6,0.239,0.2706,0.616,0.5318,-0.138,0.009,0.86,0.87,0.52,逆張りリバウンド警戒 (前日比-1.8%) ＋ セクターセンチメント(-0.20 -> 0.94倍) ＋ 地合い危険度SAFE(1.10倍),0.65,0.85,76.5,⏸️ WAIT,見送り,自動車・輸出,-0.2,False,打診30%抑制,米国の対中圧力が米墨供給網へ影響,CTA_SURGE
2121.T,3745.0,3961.4,3636.8,0.2088,0.1964,0.5886,0.6398,-0.171,-0.247,1.08,0.56,0.55,逆張りリバウンド警戒 (前日比-2.1%) ＋ 地合い危険度SAFE(1.10倍),-0.23,1.05,13.3,⏸️ WAIT,見送り,,0.0,False,通常,,CTA_SURGE
4816.T,3100.0,3265.3,3017.4,0.2206,0.2295,0.6226,0.593,-0.181,-0.134,0.95,0.38,0.55,逆張りリバウンド警戒 (前日比-1.1%) ＋ 地合い危険度SAFE(1.10倍),-0.38,0.75,11.6,⏸️ WAIT,見送り,,0.0,False,通常,,CTA_SURGE
9697.T,4345.0,4628.1,4203.4,0.2123,0.221,0.613,0.5838,-0.188,-0.142,0.95,0.35,0.55,逆張りリバウンド警戒 (前日比-0.1%) ＋ 地合い危険度SAFE(1.10倍),-0.3,0.89,102.5,⏸️ WAIT,見送り,,0.0,False,通常,,CTA_SURGE
9508.T,2141.0,2296.6,2063.2,0.1951,0.1746,0.5802,0.6734,-0.19,-0.324,1.11,0.41,1.23,通常ロット ＋ セクターセンチメント(+0.40 -> 1.12倍) ＋ 地合い危険度SAFE(1.10倍),0.05,0.93,46.6,⏸️ WAIT,見送り,電力・エネルギー,0.4,False,通常,AI電力需要拡大と原発関連買いが底入れ,CTA_SURGE
5021.T,4638.0,4895.6,4509.2,0.2102,0.2079,0.6135,0.6223,-0.193,-0.207,0.99,0.2,1.2,通常ロット ＋ セクターセンチメント(+0.30 -> 1.09倍) ＋ 地合い危険度SAFE(1.10倍),0.14,1.0,32.9,⏸️ WAIT,見送り,総合商社・資源,0.3,False,通常,原油高やインフレ警戒で資金流入持続,CTA_SURGE
8388.T,10310.0,10987.1,9971.4,0.193,0.1734,0.5848,0.6734,-0.199,-0.327,1.08,2.58,1.33,通常ロット ＋ セクターセンチメント(+0.70 -> 1.21倍) ＋ 地合い危険度SAFE(1.10倍),0.15,0.56,11.9,⏸️ WAIT,見送り,銀行・金融,0.7,False,通常,日銀引き締め加速観測で利ざや改善期待,CTA_SURGE
8001.T,2322.5,2435.4,2266.0,0.1915,0.1725,0.5845,0.6729,-0.202,-0.328,1.11,0.21,1.2,通常ロット ＋ セクターセンチメント(+0.30 -> 1.09倍) ＋ 地合い危険度SAFE(1.10倍),0.11,0.92,398.1,⏸️ WAIT,見送り,総合商社・資源,0.3,False,通常,原油高やインフレ警戒で資金流入持続,CTA_SURGE
6787.T,22060.0,24858.6,20660.7,0.2109,0.2172,0.6312,0.6099,-0.209,-0.175,1.02,1.03,0.87,通常ロット ＋ セクターセンチメント(-0.70 -> 0.79倍) ＋ 地合い危険度SAFE(1.10倍),1.47,1.38,118.8,⏸️ WAIT,🛑 セクターショック警戒回避 [中国AI台頭と収益性懸念で懸念拡大],半導体・ハイテク,-0.7,True,見送り,中国AI台頭と収益性懸念で懸念拡大,CTA_SURGE
4704.T,6391.0,6848.6,6162.2,0.2116,0.2203,0.6384,0.608,-0.215,-0.167,0.95,0.48,1.1,通常ロット ＋ 地合い危険度SAFE(1.10倍),-0.08,0.87,80.5,⏸️ WAIT,見送り,,0.0,False,通常,,CTA_SURGE
9506.T,1426.0,1501.4,1388.3,0.1981,0.1932,0.6288,0.6496,-0.233,-0.263,1.0,0.51,1.23,通常ロット ＋ セクターセンチメント(+0.40 -> 1.12倍) ＋ 地合い危険度SAFE(1.10倍),0.21,0.87,66.5,⏸️ WAIT,見送り,電力・エネルギー,0.4,False,通常,AI電力需要拡大と原発関連買いが底入れ,CTA_SURGE
1662.T,1992.0,2111.4,1932.3,0.2016,0.2078,0.6418,0.6204,-0.239,-0.205,0.94,0.7,1.2,通常ロット ＋ セクターセンチメント(+0.30 -> 1.09倍) ＋ 地合い危険度SAFE(1.10倍),-0.15,1.04,29.4,⏸️ WAIT,見送り,総合商社・資源,0.3,False,通常,原油高やインフレ警戒で資金流入持続,CTA_SURGE
4005.T,580.0,626.4,556.8,0.2151,0.2417,0.6714,0.5889,-0.241,-0.106,0.86,1.24,1.1,通常ロット ＋ 地合い危険度SAFE(1.10倍),0.51,0.85,54.4,⏸️ WAIT,見送り,,0.0,False,通常,,CTA_SURGE
4506.T,1517.5,1654.1,1449.2,0.2044,0.2147,0.6553,0.6182,-0.246,-0.189,0.94,1.67,0.55,逆張りリバウンド警戒 (前日比-4.1%) ＋ 地合い危険度SAFE(1.10倍),0.42,1.23,53.8,⏸️ WAIT,見送り,,0.0,False,通常,,CTA_SURGE
4684.T,5065.0,5354.0,4920.5,0.2011,0.2095,0.6562,0.6249,-0.254,-0.206,0.95,0.15,0.55,逆張りリバウンド警戒 (前日比-0.0%) ＋ 地合い危険度SAFE(1.10倍),-0.27,0.64,85.9,⏸️ WAIT,見送り,,0.0,False,通常,,CTA_SURGE
9504.T,1095.0,1159.0,1063.0,0.1785,0.1632,0.6168,0.6926,-0.26,-0.366,1.08,0.88,1.23,通常ロット ＋ セクターセンチメント(+0.40 -> 1.12倍) ＋ 地合い危険度SAFE(1.10倍),0.14,0.93,21.5,⏸️ WAIT,見送り,電力・エネルギー,0.4,False,通常,AI電力需要拡大と原発関連買いが底入れ,CTA_SURGE
6330.T,2706.0,3113.9,2502.1,0.1787,0.1676,0.6263,0.6808,-0.269,-0.346,1.08,0.63,1.1,通常ロット ＋ 地合い危険度SAFE(1.10倍),1.05,0.79,201.5,⏸️ WAIT,見送り,,0.0,False,通常,,CTA_SURGE
8848.T,941.0,1008.7,907.1,0.2016,0.2117,0.6759,0.6376,-0.273,-0.214,0.94,1.9,1.1,通常ロット ＋ 地合い危険度SAFE(1.10倍),-0.06,0.48,11.2,⏸️ WAIT,見送り,,0.0,False,通常,,CTA_SURGE
7389.T,1981.0,2138.6,1902.2,0.1829,0.1778,0.6402,0.6649,-0.274,-0.309,0.98,3.64,0.8,需給滞留警戒 (消化3.64日) ＋ セクターセンチメント(+0.70 -> 1.21倍) ＋ 地合い危険度SAFE(1.10倍),0.29,0.63,23.8,⏸️ WAIT,見送り,銀行・金融,0.7,False,通常,日銀引き締め加速観測で利ざや改善期待,CTA_SURGE
8344.T,5110.0,5522.9,4903.6,0.1703,0.1525,0.6161,0.7094,-0.275,-0.404,1.08,1.14,1.33,通常ロット ＋ セクターセンチメント(+0.70 -> 1.21倍) ＋ 地合い危険度SAFE(1.10倍),0.29,0.89,10.8,⏸️ WAIT,見送り,銀行・金融,0.7,False,通常,日銀引き締め加速観測で利ざや改善期待,CTA_SURGE
8995.T,1720.0,2495.6,1332.2,0.1674,0.1534,0.6169,0.6932,-0.282,-0.386,1.11,0.1,0.55,逆張りリバウンド警戒 (前日比-9.5%) ＋ 地合い危険度SAFE(1.10倍),0.33,0.21,14.2,⏸️ WAIT,見送り,,0.0,False,通常,,CTA_SURGE
6460.T,3274.0,3463.7,3179.1,0.1634,0.1467,0.6212,0.7152,-0.294,-0.422,1.11,0.12,0.61,逆張りリバウンド警戒 (前日比-1.4%) ＋ セクターセンチメント(+0.30 -> 1.09倍) ＋ 地合い危険度SAFE(1.10倍),-0.34,0.8,42.3,⏸️ WAIT,見送り,防衛・重工,0.3,False,通常,防衛費概算要求や無人機需要が追い風,CTA_SURGE
8343.T,9460.0,10155.7,9112.1,0.1749,0.1671,0.6447,0.6829,-0.295,-0.349,1.0,0.68,1.33,通常ロット ＋ セクターセンチメント(+0.70 -> 1.21倍) ＋ 地合い危険度SAFE(1.10倍),0.23,1.0,14.8,⏸️ WAIT,見送り,銀行・金融,0.7,False,通常,日銀引き締め加速観測で利ざや改善期待,CTA_SURGE
9101.T,7374.0,7810.0,7156.0,0.1692,0.1576,0.6349,0.6956,-0.297,-0.38,1.08,0.52,1.13,通常ロット ＋ セクターセンチメント(+0.10 -> 1.03倍) ＋ 地合い危険度SAFE(1.10倍),-0.23,0.85,157.7,⏸️ WAIT,見送り,海運・物流,0.1,False,通常,運賃高騰材料は織り込みが進む,CTA_SURGE
7475.T,3765.0,3977.7,3658.6,0.1867,0.1946,0.6724,0.6404,-0.299,-0.251,0.95,0.17,1.1,通常ロット ＋ 地合い危険度SAFE(1.10倍),-0.12,0.26,10.1,⏸️ WAIT,見送り,小売・消費・インバウンド,0.0,False,通常,新規材料なし、中立を維持,CTA_SURGE
8362.T,7770.0,8441.4,7434.3,0.1621,0.145,0.6265,0.7214,-0.302,-0.431,1.08,1.3,1.33,通常ロット ＋ セクターセンチメント(+0.70 -> 1.21倍) ＋ 地合い危険度SAFE(1.10倍),0.35,0.8,10.4,⏸️ WAIT,見送り,銀行・金融,0.7,False,通常,日銀引き締め加速観測で利ざや改善期待,CTA_SURGE
9503.T,2931.5,3131.0,2831.8,0.1581,0.1409,0.6216,0.7214,-0.305,-0.44,1.11,0.19,0.62,逆張りリバウンド警戒 (前日比-0.4%) ＋ セクターセンチメント(+0.40 -> 1.12倍) ＋ 地合い危険度SAFE(1.10倍),0.19,0.85,114.7,⏸️ WAIT,見送り,電力・エネルギー,0.4,False,通常,AI電力需要拡大と原発関連買いが底入れ,CTA_SURGE
8345.T,2724.0,2921.9,2625.1,0.1715,0.1667,0.6568,0.6822,-0.314,-0.349,0.98,1.48,1.33,通常ロット ＋ セクターセンチメント(+0.70 -> 1.21倍) ＋ 地合い危険度SAFE(1.10倍),0.28,0.91,11.4,⏸️ WAIT,見送り,銀行・金融,0.7,False,通常,日銀引き締め加速観測で利ざや改善期待,CTA_SURGE
9505.T,1138.0,1205.2,1104.4,0.1645,0.1575,0.6679,0.7041,-0.339,-0.389,1.02,1.12,1.23,通常ロット ＋ セクターセンチメント(+0.40 -> 1.12倍) ＋ 地合い危険度SAFE(1.10倍),0.08,0.9,11.8,⏸️ WAIT,見送り,電力・エネルギー,0.4,False,通常,AI電力需要拡大と原発関連買いが底入れ,CTA_SURGE
2737.T,37000.0,41342.9,34828.6,0.1726,0.178,0.6903,0.6673,-0.345,-0.311,0.94,0.62,1.2,通常ロット ＋ セクターセンチメント(+0.30 -> 1.09倍) ＋ 地合い危険度SAFE(1.10倍),1.45,1.1,51.0,⏸️ WAIT,見送り,総合商社・資源,0.3,False,通常,原油高やインフレ警戒で資金流入持続,CTA_SURGE
6946.T,6510.0,7244.3,6142.9,0.1612,0.1554,0.6683,0.6987,-0.346,-0.388,1.02,2.68,1.2,通常ロット ＋ セクターセンチメント(+0.30 -> 1.09倍) ＋ 地合い危険度SAFE(1.10倍),1.01,0.7,12.8,⏸️ WAIT,見送り,防衛・重工,0.3,False,通常,防衛費概算要求や無人機需要が追い風,CTA_SURGE
9107.T,3460.0,3667.6,3356.2,0.1696,0.1758,0.7009,0.673,-0.362,-0.321,0.95,0.43,1.13,通常ロット ＋ セクターセンチメント(+0.10 -> 1.03倍) ＋ 地合い危険度SAFE(1.10倍),-0.12,0.8,130.2,⏸️ WAIT,見送り,海運・物流,0.1,False,通常,運賃高騰材料は織り込みが進む,CTA_SURGE
4088.T,3040.0,3283.4,2918.3,0.1494,0.1399,0.6682,0.7263,-0.369,-0.446,1.08,0.73,1.1,通常ロット ＋ 地合い危険度SAFE(1.10倍),0.14,0.78,28.5,⏸️ WAIT,見送り,,0.0,False,通常,,CTA_SURGE
9130.T,2007.0,2233.3,1893.9,0.1647,0.1708,0.7167,0.6881,-0.387,-0.347,0.95,0.35,1.13,通常ロット ＋ セクターセンチメント(+0.10 -> 1.03倍) ＋ 地合い危険度SAFE(1.10倍),0.46,1.86,17.7,⏸️ WAIT,見送り,海運・物流,0.1,False,通常,運賃高騰材料は織り込みが進む,CTA_SURGE
8387.T,4265.0,4592.9,4101.1,0.1428,0.134,0.6841,0.7395,-0.399,-0.472,1.02,1.78,1.33,通常ロット ＋ セクターセンチメント(+0.70 -> 1.21倍) ＋ 地合い危険度SAFE(1.10倍),0.22,0.86,10.8,⏸️ WAIT,見送り,銀行・金融,0.7,False,通常,日銀引き締め加速観測で利ざや改善期待,CTA_SURGE
3038.T,3080.0,3322.9,2958.5,0.1572,0.1683,0.7242,0.6745,-0.41,-0.338,0.9,0.55,0.61,逆張りリバウンド警戒 (前日比-2.7%) ＋ セクターセンチメント(+0.30 -> 1.09倍) ＋ 地合い危険度SAFE(1.10倍),-0.48,0.65,86.9,⏸️ WAIT,見送り,総合商社・資源,0.3,False,通常,原油高やインフレ警戒で資金流入持続,CTA_SURGE
7826.T,10660.0,11991.4,9994.3,0.1423,0.1399,0.708,0.7225,-0.423,-0.443,1.02,1.71,1.1,通常ロット ＋ 地合い危険度SAFE(1.10倍),1.4,0.74,53.2,⏸️ WAIT,見送り,,0.0,False,通常,,CTA_SURGE
5019.T,1670.0,1788.6,1610.7,0.1358,0.1297,0.7069,0.7467,-0.435,-0.487,1.03,0.16,1.2,通常ロット ＋ セクターセンチメント(+0.30 -> 1.09倍) ＋ 地合い危険度SAFE(1.10倍),0.07,0.93,101.5,⏸️ WAIT,見送り,総合商社・資源,0.3,False,通常,原油高やインフレ警戒で資金流入持続,CTA_SURGE
2782.T,4795.0,5080.7,4652.1,0.1513,0.1623,0.7419,0.6869,-0.439,-0.362,0.92,0.54,0.55,逆張りリバウンド警戒 (前日比-1.8%) ＋ 地合い危険度SAFE(1.10倍),-0.16,1.0,16.6,⏸️ WAIT,見送り,小売・消費・インバウンド,0.0,False,通常,新規材料なし、中立を維持,CTA_SURGE
5301.T,2056.5,2260.8,1954.4,0.1398,0.1461,0.753,0.7172,-0.473,-0.425,0.95,0.23,1.1,通常ロット ＋ 地合い危険度SAFE(1.10倍),0.51,0.79,51.1,⏸️ WAIT,見送り,,0.0,False,通常,,CTA_SURGE
4565.T,1195.0,1306.6,1139.2,0.1431,0.1565,0.7607,0.6915,-0.475,-0.379,0.9,7.67,0.55,逆張りリバウンド警戒 (前日比-3.1%) ＋ 地合い危険度SAFE(1.10倍),0.15,0.73,13.4,⏸️ WAIT,見送り,,0.0,False,通常,,CTA_SURGE
4440.T,2114.0,2941.7,1700.1,0.1175,0.1106,0.7264,0.7811,-0.491,-0.56,1.07,0.11,0.55,逆張りリバウンド警戒 (前日比-3.2%) ＋ 地合い危険度SAFE(1.10倍),0.09,0.27,69.1,⏸️ WAIT,見送り,,0.0,False,通常,,CTA_SURGE
6027.T,5620.0,6503.6,5178.2,0.1186,0.1136,0.7296,0.768,-0.492,-0.541,1.05,1.53,1.1,通常ロット ＋ 地合い危険度SAFE(1.10倍),-0.1,0.46,18.0,⏸️ WAIT,見送り,,0.0,False,通常,,CTA_SURGE
2531.T,2465.5,2647.8,2374.4,0.1337,0.1397,0.7642,0.7278,-0.497,-0.448,0.95,0.1,1.1,通常ロット ＋ 地合い危険度SAFE(1.10倍),0.22,0.73,13.6,⏸️ WAIT,見送り,食料品・ディフェンシブ,0.0,False,通常,値上げ材料は織り込み済みで中立,CTA_SURGE
9507.T,2228.5,2391.9,2146.8,0.1289,0.1311,0.7566,0.7444,-0.499,-0.482,0.95,0.35,1.23,通常ロット ＋ セクターセンチメント(+0.40 -> 1.12倍) ＋ 地合い危険度SAFE(1.10倍),0.23,0.98,29.2,⏸️ WAIT,見送り,電力・エネルギー,0.4,False,通常,AI電力需要拡大と原発関連買いが底入れ,CTA_SURGE
6203.T,2135.0,2758.7,1823.1,0.1296,0.1327,0.7645,0.746,-0.505,-0.481,0.95,0.09,0.61,逆張りリバウンド警戒 (前日比-13.8%) ＋ セクターセンチメント(+0.30 -> 1.09倍) ＋ 地合い危険度SAFE(1.10倍),0.73,0.36,409.8,⏸️ WAIT,見送り,防衛・重工,0.3,False,通常,防衛費概算要求や無人機需要が追い風,CTA_SURGE
4174.T,1040.0,1208.1,955.9,0.1249,0.1306,0.7874,0.7499,-0.538,-0.489,0.95,0.2,0.55,逆張りリバウンド警戒 (前日比-3.5%) ＋ 地合い危険度SAFE(1.10倍),0.37,1.31,12.6,⏸️ WAIT,見送り,,0.0,False,通常,,CTA_SURGE
2492.T,708.0,775.9,674.1,0.119,0.1233,0.7832,0.7531,-0.545,-0.507,0.96,0.78,0.55,逆張りリバウンド警戒 (前日比-0.6%) ＋ 地合い危険度SAFE(1.10倍),0.33,0.96,20.1,⏸️ WAIT,見送り,,0.0,False,通常,,CTA_SURGE
6016.T,11390.0,12635.7,10767.1,0.1302,0.1502,0.8199,0.7079,-0.559,-0.408,0.86,2.19,0.52,逆張りリバウンド警戒 (前日比-0.8%) ＋ セクターセンチメント(-0.20 -> 0.94倍) ＋ 地合い危険度SAFE(1.10倍),0.76,0.72,13.1,⏸️ WAIT,見送り,自動車・輸出,-0.2,False,打診30%抑制,米国の対中圧力が米墨供給網へ影響,CTA_SURGE
4180.T,1536.0,1699.3,1454.4,0.1128,0.1192,0.8142,0.7681,-0.589,-0.53,0.94,1.57,1.1,通常ロット ＋ 地合い危険度SAFE(1.10倍),0.27,0.66,19.4,⏸️ WAIT,見送り,,0.0,False,通常,,CTA_SURGE
4667.T,3310.0,4412.1,2758.9,0.1057,0.1106,0.8136,0.7749,-0.602,-0.554,0.95,0.35,1.1,通常ロット ＋ 地合い危険度SAFE(1.10倍),0.85,0.55,35.3,⏸️ WAIT,見送り,,0.0,False,通常,,CTA_SURGE
